uuid,question,answer,context,doc,qa_type
a81f49bd-7f29-4511-98f5-5892dac883f5,2023年公司采用了哪些公允价值计量的项目？这些项目的期末余额和当期变动分别是多少？,"公司采用了交易性金融资产和其他非流动金融资产两个公允价值计量项目。交易性金融资产的期末余额为400,712,059.93元，当期变动为24,072,241.71元；其他非流动金融资产的期末余额为4,002,439,902.57元，当期变动为2,439,902.57元。","十一、 采用公允价值计量的项目 
√适用 □不适用  
单位：元 币种：人民币 
项目名称 期初
余额 期末余额 当期变动 对当期利润的
影响金额 
交易性金融资产  400,712,059.93 400,712,059.93 24,072,241.71 
其他非流动金融资产  4,002,439,902.57 4,002,439,902.57 2,439,902.57 
合计  4,403,151,962.50 4,403,151,962.50 26,512,144.28","。 
□适用 √不适用  
 
十一、 采用公允价值计量的项目 
√适用 □不适用  
单位：元 币种：人民币 
项目名称 期初
余额 期末余额 当期变动 对当期利润的
影响金额 
交易性金融资产  400,712,059.93 400,712,059.93 24,072,241.71 
其他非流动金融资产  4,002,439,902.57 4,002,439,902.57 2,439,902.57 
合计  4,403,151,962.50 4,403,151,962.50 26,512,144.28 
 
 
十二、 其他 
□适用 √不适用  
 
第三节 管理层讨论与分析 
 
一、经营情况讨论与分析 
2023年，公司坚持以习近平新时代中国特色社会主义思想为指导，深入学习贯彻党的二十大
精神和习近平总书记视察贵州重要讲话精神，主动抢抓国发〔2022〕2 号文件机遇，全面落实省
委、省政府决策部署，聚焦集团公司“双一流、三突破、五跨越”战略目标，持续走好以茅台美
学为价值内涵的“五线”高质量发展道路，“棋心”拼搏，团结奋斗，圆满完成各项目标任务，
推动公司高质量发展取得了重要进展，现代化建设迈出了坚实步伐",detailed
a81f49bd-7f29-4511-98f5-5892dac883f5,2023年公司公允价值计量项目对当期利润的总影响金额是多少？,"2023年公司公允价值计量项目对当期利润的总影响金额是26,512,144.28元。","十一、 采用公允价值计量的项目 
√适用 □不适用  
单位：元 币种：人民币 
项目名称 期初
余额 期末余额 当期变动 对当期利润的
影响金额 
交易性金融资产  400,712,059.93 400,712,059.93 24,072,241.71 
其他非流动金融资产  4,002,439,902.57 4,002,439,902.57 2,439,902.57 
合计  4,403,151,962.50 4,403,151,962.50 26,512,144.28","。 
□适用 √不适用  
 
十一、 采用公允价值计量的项目 
√适用 □不适用  
单位：元 币种：人民币 
项目名称 期初
余额 期末余额 当期变动 对当期利润的
影响金额 
交易性金融资产  400,712,059.93 400,712,059.93 24,072,241.71 
其他非流动金融资产  4,002,439,902.57 4,002,439,902.57 2,439,902.57 
合计  4,403,151,962.50 4,403,151,962.50 26,512,144.28 
 
 
十二、 其他 
□适用 √不适用  
 
第三节 管理层讨论与分析 
 
一、经营情况讨论与分析 
2023年，公司坚持以习近平新时代中国特色社会主义思想为指导，深入学习贯彻党的二十大
精神和习近平总书记视察贵州重要讲话精神，主动抢抓国发〔2022〕2 号文件机遇，全面落实省
委、省政府决策部署，聚焦集团公司“双一流、三突破、五跨越”战略目标，持续走好以茅台美
学为价值内涵的“五线”高质量发展道路，“棋心”拼搏，团结奋斗，圆满完成各项目标任务，
推动公司高质量发展取得了重要进展，现代化建设迈出了坚实步伐",detailed
a81f49bd-7f29-4511-98f5-5892dac883f5,2023年公司是如何推动高质量发展的？,公司通过坚持以习近平新时代中国特色社会主义思想为指导，深入学习贯彻党的二十大精神和习近平总书记视察贵州重要讲话精神，抢抓国发〔2022〕2号文件机遇，落实省委、省政府决策部署，聚焦'双一流、三突破、五跨越'战略目标，走以茅台美学为价值内涵的'五线'高质量发展道路，团结奋斗，圆满完成了各项目标任务。,"2023年，公司坚持以习近平新时代中国特色社会主义思想为指导，深入学习贯彻党的二十大
精神和习近平总书记视察贵州重要讲话精神，主动抢抓国发〔2022〕2 号文件机遇，全面落实省
委、省政府决策部署，聚焦集团公司'双一流、三突破、五跨越'战略目标，持续走好以茅台美
学为价值内涵的'五线'高质量发展道路，'棋心'拼搏，团结奋斗，圆满完成各项目标任务，
推动公司高质量发展取得了重要进展，现代化建设迈出了坚实步伐","。 
□适用 √不适用  
 
十一、 采用公允价值计量的项目 
√适用 □不适用  
单位：元 币种：人民币 
项目名称 期初
余额 期末余额 当期变动 对当期利润的
影响金额 
交易性金融资产  400,712,059.93 400,712,059.93 24,072,241.71 
其他非流动金融资产  4,002,439,902.57 4,002,439,902.57 2,439,902.57 
合计  4,403,151,962.50 4,403,151,962.50 26,512,144.28 
 
 
十二、 其他 
□适用 √不适用  
 
第三节 管理层讨论与分析 
 
一、经营情况讨论与分析 
2023年，公司坚持以习近平新时代中国特色社会主义思想为指导，深入学习贯彻党的二十大
精神和习近平总书记视察贵州重要讲话精神，主动抢抓国发〔2022〕2 号文件机遇，全面落实省
委、省政府决策部署，聚焦集团公司“双一流、三突破、五跨越”战略目标，持续走好以茅台美
学为价值内涵的“五线”高质量发展道路，“棋心”拼搏，团结奋斗，圆满完成各项目标任务，
推动公司高质量发展取得了重要进展，现代化建设迈出了坚实步伐",detailed
a81f49bd-7f29-4511-98f5-5892dac883f5,2023年公司发展的指导思想是什么？,2023年公司发展的指导思想是坚持以习近平新时代中国特色社会主义思想为指导，深入学习贯彻党的二十大精神和习近平总书记视察贵州重要讲话精神。,"2023年，公司坚持以习近平新时代中国特色社会主义思想为指导，深入学习贯彻党的二十大
精神和习近平总书记视察贵州重要讲话精神...","。 
□适用 √不适用  
 
十一、 采用公允价值计量的项目 
√适用 □不适用  
单位：元 币种：人民币 
项目名称 期初
余额 期末余额 当期变动 对当期利润的
影响金额 
交易性金融资产  400,712,059.93 400,712,059.93 24,072,241.71 
其他非流动金融资产  4,002,439,902.57 4,002,439,902.57 2,439,902.57 
合计  4,403,151,962.50 4,403,151,962.50 26,512,144.28 
 
 
十二、 其他 
□适用 √不适用  
 
第三节 管理层讨论与分析 
 
一、经营情况讨论与分析 
2023年，公司坚持以习近平新时代中国特色社会主义思想为指导，深入学习贯彻党的二十大
精神和习近平总书记视察贵州重要讲话精神，主动抢抓国发〔2022〕2 号文件机遇，全面落实省
委、省政府决策部署，聚焦集团公司“双一流、三突破、五跨越”战略目标，持续走好以茅台美
学为价值内涵的“五线”高质量发展道路，“棋心”拼搏，团结奋斗，圆满完成各项目标任务，
推动公司高质量发展取得了重要进展，现代化建设迈出了坚实步伐",detailed
a81f49bd-7f29-4511-98f5-5892dac883f5,2023年公司取得了哪些主要成就？,2023年公司圆满完成了各项目标任务，推动高质量发展取得了重要进展，现代化建设迈出了坚实步伐。,"2023年...圆满完成各项目标任务，
推动公司高质量发展取得了重要进展，现代化建设迈出了坚实步伐","。 
□适用 √不适用  
 
十一、 采用公允价值计量的项目 
√适用 □不适用  
单位：元 币种：人民币 
项目名称 期初
余额 期末余额 当期变动 对当期利润的
影响金额 
交易性金融资产  400,712,059.93 400,712,059.93 24,072,241.71 
其他非流动金融资产  4,002,439,902.57 4,002,439,902.57 2,439,902.57 
合计  4,403,151,962.50 4,403,151,962.50 26,512,144.28 
 
 
十二、 其他 
□适用 √不适用  
 
第三节 管理层讨论与分析 
 
一、经营情况讨论与分析 
2023年，公司坚持以习近平新时代中国特色社会主义思想为指导，深入学习贯彻党的二十大
精神和习近平总书记视察贵州重要讲话精神，主动抢抓国发〔2022〕2 号文件机遇，全面落实省
委、省政府决策部署，聚焦集团公司“双一流、三突破、五跨越”战略目标，持续走好以茅台美
学为价值内涵的“五线”高质量发展道路，“棋心”拼搏，团结奋斗，圆满完成各项目标任务，
推动公司高质量发展取得了重要进展，现代化建设迈出了坚实步伐",detailed
63ab110c-09f5-401d-9a43-4be44cf59f7d,贵州茅台酒在白酒行业中的地位如何？,贵州茅台酒是我国大曲酱香型白酒的鼻祖和典型代表，同时集国家地理标志产品、有机食品和国家非物质文化遗产于一身。,主导产品“贵州茅台酒”是我国大曲酱香型白酒的鼻祖和典型代表，集国家地理标志产品、有机食品和国家非物质文化遗产于一身,"。 
 
二、报告期内公司所处行业情况 
详见本报告第14 页“行业基本情况”及第19页“行业格局和趋势”。 
 
三、报告期内公司从事的业务情况 
公司主要业务是茅台酒及系列酒的生产与销售。主导产品“贵州茅台酒”是我国大曲酱香型
白酒的鼻祖和典型代表，集国家地理标志产品、有机食品和国家非物质文化遗产于一身，公司营
销网络覆盖国内市场及五大洲64个国家和地区。多年来，公司始终以对产品品质的极致追求，对
酿造生态的精心呵护，对传统工法的传承创新，对企业文化的赓续发展，持续为企业赋能，推动
企业高质量发展、现代化建设。 
公司经营模式为：采购原料—生产产品—销售产品。原料采购模式为:茅台酒用高粱采取“公
司+地方政府+供应商+合作社或农户”的模式，小麦采取“公司+供应商+合作社或农场”的模式，
其他原辅料及包装材料采购主要根据公司生产和销售计划，通过集中采购方式向市场采购；产品
生产工艺流程为：制曲—制酒—贮存—勾兑—包装；销售模式为：公司产品通过直销和批发代理
渠道进行销售。直销渠道指自营和 “i 茅台”等数字营销平台渠道，批发代理渠道指社会经销商、
商超、电商等渠道",detailed
63ab110c-09f5-401d-9a43-4be44cf59f7d,公司的营销网络覆盖范围如何？,公司的营销网络覆盖国内市场及五大洲64个国家和地区。,公司营销网络覆盖国内市场及五大洲64个国家和地区,"。 
 
二、报告期内公司所处行业情况 
详见本报告第14 页“行业基本情况”及第19页“行业格局和趋势”。 
 
三、报告期内公司从事的业务情况 
公司主要业务是茅台酒及系列酒的生产与销售。主导产品“贵州茅台酒”是我国大曲酱香型
白酒的鼻祖和典型代表，集国家地理标志产品、有机食品和国家非物质文化遗产于一身，公司营
销网络覆盖国内市场及五大洲64个国家和地区。多年来，公司始终以对产品品质的极致追求，对
酿造生态的精心呵护，对传统工法的传承创新，对企业文化的赓续发展，持续为企业赋能，推动
企业高质量发展、现代化建设。 
公司经营模式为：采购原料—生产产品—销售产品。原料采购模式为:茅台酒用高粱采取“公
司+地方政府+供应商+合作社或农户”的模式，小麦采取“公司+供应商+合作社或农场”的模式，
其他原辅料及包装材料采购主要根据公司生产和销售计划，通过集中采购方式向市场采购；产品
生产工艺流程为：制曲—制酒—贮存—勾兑—包装；销售模式为：公司产品通过直销和批发代理
渠道进行销售。直销渠道指自营和 “i 茅台”等数字营销平台渠道，批发代理渠道指社会经销商、
商超、电商等渠道",detailed
63ab110c-09f5-401d-9a43-4be44cf59f7d,茅台酒用高粱的采购模式是什么？,茅台酒用高粱采取“公司+地方政府+供应商+合作社或农户”的采购模式。,茅台酒用高粱采取“公司+地方政府+供应商+合作社或农户”的模式,"。 
 
二、报告期内公司所处行业情况 
详见本报告第14 页“行业基本情况”及第19页“行业格局和趋势”。 
 
三、报告期内公司从事的业务情况 
公司主要业务是茅台酒及系列酒的生产与销售。主导产品“贵州茅台酒”是我国大曲酱香型
白酒的鼻祖和典型代表，集国家地理标志产品、有机食品和国家非物质文化遗产于一身，公司营
销网络覆盖国内市场及五大洲64个国家和地区。多年来，公司始终以对产品品质的极致追求，对
酿造生态的精心呵护，对传统工法的传承创新，对企业文化的赓续发展，持续为企业赋能，推动
企业高质量发展、现代化建设。 
公司经营模式为：采购原料—生产产品—销售产品。原料采购模式为:茅台酒用高粱采取“公
司+地方政府+供应商+合作社或农户”的模式，小麦采取“公司+供应商+合作社或农场”的模式，
其他原辅料及包装材料采购主要根据公司生产和销售计划，通过集中采购方式向市场采购；产品
生产工艺流程为：制曲—制酒—贮存—勾兑—包装；销售模式为：公司产品通过直销和批发代理
渠道进行销售。直销渠道指自营和 “i 茅台”等数字营销平台渠道，批发代理渠道指社会经销商、
商超、电商等渠道",detailed
63ab110c-09f5-401d-9a43-4be44cf59f7d,公司的销售渠道有哪些？,公司的销售渠道包括直销渠道（自营和“i茅台”等数字营销平台）和批发代理渠道（社会经销商、商超、电商等）。,销售模式为：公司产品通过直销和批发代理渠道进行销售。直销渠道指自营和 “i 茅台”等数字营销平台渠道，批发代理渠道指社会经销商、商超、电商等渠道,"。 
 
二、报告期内公司所处行业情况 
详见本报告第14 页“行业基本情况”及第19页“行业格局和趋势”。 
 
三、报告期内公司从事的业务情况 
公司主要业务是茅台酒及系列酒的生产与销售。主导产品“贵州茅台酒”是我国大曲酱香型
白酒的鼻祖和典型代表，集国家地理标志产品、有机食品和国家非物质文化遗产于一身，公司营
销网络覆盖国内市场及五大洲64个国家和地区。多年来，公司始终以对产品品质的极致追求，对
酿造生态的精心呵护，对传统工法的传承创新，对企业文化的赓续发展，持续为企业赋能，推动
企业高质量发展、现代化建设。 
公司经营模式为：采购原料—生产产品—销售产品。原料采购模式为:茅台酒用高粱采取“公
司+地方政府+供应商+合作社或农户”的模式，小麦采取“公司+供应商+合作社或农场”的模式，
其他原辅料及包装材料采购主要根据公司生产和销售计划，通过集中采购方式向市场采购；产品
生产工艺流程为：制曲—制酒—贮存—勾兑—包装；销售模式为：公司产品通过直销和批发代理
渠道进行销售。直销渠道指自营和 “i 茅台”等数字营销平台渠道，批发代理渠道指社会经销商、
商超、电商等渠道",detailed
63ab110c-09f5-401d-9a43-4be44cf59f7d,公司如何推动企业高质量发展？,公司通过追求产品品质极致、精心呵护酿造生态、传承创新传统工法、赓续发展企业文化来持续赋能，推动企业高质量发展和现代化建设。,多年来，公司始终以对产品品质的极致追求，对酿造生态的精心呵护，对传统工法的传承创新，对企业文化的赓续发展，持续为企业赋能，推动企业高质量发展、现代化建设,"。 
 
二、报告期内公司所处行业情况 
详见本报告第14 页“行业基本情况”及第19页“行业格局和趋势”。 
 
三、报告期内公司从事的业务情况 
公司主要业务是茅台酒及系列酒的生产与销售。主导产品“贵州茅台酒”是我国大曲酱香型
白酒的鼻祖和典型代表，集国家地理标志产品、有机食品和国家非物质文化遗产于一身，公司营
销网络覆盖国内市场及五大洲64个国家和地区。多年来，公司始终以对产品品质的极致追求，对
酿造生态的精心呵护，对传统工法的传承创新，对企业文化的赓续发展，持续为企业赋能，推动
企业高质量发展、现代化建设。 
公司经营模式为：采购原料—生产产品—销售产品。原料采购模式为:茅台酒用高粱采取“公
司+地方政府+供应商+合作社或农户”的模式，小麦采取“公司+供应商+合作社或农场”的模式，
其他原辅料及包装材料采购主要根据公司生产和销售计划，通过集中采购方式向市场采购；产品
生产工艺流程为：制曲—制酒—贮存—勾兑—包装；销售模式为：公司产品通过直销和批发代理
渠道进行销售。直销渠道指自营和 “i 茅台”等数字营销平台渠道，批发代理渠道指社会经销商、
商超、电商等渠道",detailed
31b1a1c1-031c-4e56-a867-abc9924e124b,公司的五大核心竞争力是什么？,公司的五大核心竞争力是环境、工法、品质、品牌和文化。,公司拥有环境、工法、品质、品牌、文化组成的“五大核心竞争力”，并拥有独一无二的原产地保护、不可复制的微生物菌落群、传承千年的独特酿造工艺、长期贮存的基酒资源组成的“四个核心势能”。,"2023 年年度报告 
8 / 143 
 
公司拥有环境、工法、品质、品牌、文化组成的“五大核心竞争力”，并拥有独一无二的原
产地保护、不可复制的微生物菌落群、传承千年的独特酿造工艺、长期贮存的基酒资源组成的
“四个核心势能”。报告期内公司核心竞争力未发生重大变化。 
 
五、报告期内主要经营情况 
一是经营业绩再创新高。年度内公司实现营业总收入 1,505.60 亿元，同比增长 18.04%；归
属于上市公司股东的净利润 747.34 亿元，同比增长 19.16%，主要经济指标保持两位数增长，高
质量完成年度战略目标。贵州茅台酒全球唯一千亿级酒类大单品地位持续巩固，茅台 1935 造就
“行业奇迹”，上市仅两年成为营收百亿级大单品，茅台王子酒单品营收超40亿元，汉酱、贵州
大曲、赖茅单品营收分别超10亿元，形成了千、百、十亿级大单品格局，产品矩阵全面构建。 
二是品牌影响持续增大。年内公司市值稳定在2 万亿元以上，稳居A 股上市公司第一",detailed
31b1a1c1-031c-4e56-a867-abc9924e124b,2023年公司的营业总收入和归属于上市公司股东的净利润分别是多少？,"2023年公司的营业总收入是1,505.60亿元，归属于上市公司股东的净利润是747.34亿元。","年度内公司实现营业总收入 1,505.60 亿元，同比增长 18.04%；归属于上市公司股东的净利润 747.34 亿元，同比增长 19.16%，主要经济指标保持两位数增长，高质量完成年度战略目标。","2023 年年度报告 
8 / 143 
 
公司拥有环境、工法、品质、品牌、文化组成的“五大核心竞争力”，并拥有独一无二的原
产地保护、不可复制的微生物菌落群、传承千年的独特酿造工艺、长期贮存的基酒资源组成的
“四个核心势能”。报告期内公司核心竞争力未发生重大变化。 
 
五、报告期内主要经营情况 
一是经营业绩再创新高。年度内公司实现营业总收入 1,505.60 亿元，同比增长 18.04%；归
属于上市公司股东的净利润 747.34 亿元，同比增长 19.16%，主要经济指标保持两位数增长，高
质量完成年度战略目标。贵州茅台酒全球唯一千亿级酒类大单品地位持续巩固，茅台 1935 造就
“行业奇迹”，上市仅两年成为营收百亿级大单品，茅台王子酒单品营收超40亿元，汉酱、贵州
大曲、赖茅单品营收分别超10亿元，形成了千、百、十亿级大单品格局，产品矩阵全面构建。 
二是品牌影响持续增大。年内公司市值稳定在2 万亿元以上，稳居A 股上市公司第一",detailed
31b1a1c1-031c-4e56-a867-abc9924e124b,茅台1935在上市两年后的表现如何？,茅台1935在上市两年后成为营收百亿级大单品，造就了“行业奇迹”。,茅台 1935 造就“行业奇迹”，上市仅两年成为营收百亿级大单品，茅台王子酒单品营收超40亿元，汉酱、贵州大曲、赖茅单品营收分别超10亿元，形成了千、百、十亿级大单品格局，产品矩阵全面构建。,"2023 年年度报告 
8 / 143 
 
公司拥有环境、工法、品质、品牌、文化组成的“五大核心竞争力”，并拥有独一无二的原
产地保护、不可复制的微生物菌落群、传承千年的独特酿造工艺、长期贮存的基酒资源组成的
“四个核心势能”。报告期内公司核心竞争力未发生重大变化。 
 
五、报告期内主要经营情况 
一是经营业绩再创新高。年度内公司实现营业总收入 1,505.60 亿元，同比增长 18.04%；归
属于上市公司股东的净利润 747.34 亿元，同比增长 19.16%，主要经济指标保持两位数增长，高
质量完成年度战略目标。贵州茅台酒全球唯一千亿级酒类大单品地位持续巩固，茅台 1935 造就
“行业奇迹”，上市仅两年成为营收百亿级大单品，茅台王子酒单品营收超40亿元，汉酱、贵州
大曲、赖茅单品营收分别超10亿元，形成了千、百、十亿级大单品格局，产品矩阵全面构建。 
二是品牌影响持续增大。年内公司市值稳定在2 万亿元以上，稳居A 股上市公司第一",detailed
31b1a1c1-031c-4e56-a867-abc9924e124b,公司的四个核心势能是什么？,公司的四个核心势能是独一无二的原产地保护、不可复制的微生物菌落群、传承千年的独特酿造工艺和长期贮存的基酒资源。,公司拥有环境、工法、品质、品牌、文化组成的“五大核心竞争力”，并拥有独一无二的原产地保护、不可复制的微生物菌落群、传承千年的独特酿造工艺、长期贮存的基酒资源组成的“四个核心势能”。,"2023 年年度报告 
8 / 143 
 
公司拥有环境、工法、品质、品牌、文化组成的“五大核心竞争力”，并拥有独一无二的原
产地保护、不可复制的微生物菌落群、传承千年的独特酿造工艺、长期贮存的基酒资源组成的
“四个核心势能”。报告期内公司核心竞争力未发生重大变化。 
 
五、报告期内主要经营情况 
一是经营业绩再创新高。年度内公司实现营业总收入 1,505.60 亿元，同比增长 18.04%；归
属于上市公司股东的净利润 747.34 亿元，同比增长 19.16%，主要经济指标保持两位数增长，高
质量完成年度战略目标。贵州茅台酒全球唯一千亿级酒类大单品地位持续巩固，茅台 1935 造就
“行业奇迹”，上市仅两年成为营收百亿级大单品，茅台王子酒单品营收超40亿元，汉酱、贵州
大曲、赖茅单品营收分别超10亿元，形成了千、百、十亿级大单品格局，产品矩阵全面构建。 
二是品牌影响持续增大。年内公司市值稳定在2 万亿元以上，稳居A 股上市公司第一",detailed
31b1a1c1-031c-4e56-a867-abc9924e124b,2023年公司的品牌影响力如何？,2023年公司的品牌影响力持续增大，市值稳定在2万亿元以上，稳居A股上市公司第一。,二是品牌影响持续增大。年内公司市值稳定在2 万亿元以上，稳居A 股上市公司第一,"2023 年年度报告 
8 / 143 
 
公司拥有环境、工法、品质、品牌、文化组成的“五大核心竞争力”，并拥有独一无二的原
产地保护、不可复制的微生物菌落群、传承千年的独特酿造工艺、长期贮存的基酒资源组成的
“四个核心势能”。报告期内公司核心竞争力未发生重大变化。 
 
五、报告期内主要经营情况 
一是经营业绩再创新高。年度内公司实现营业总收入 1,505.60 亿元，同比增长 18.04%；归
属于上市公司股东的净利润 747.34 亿元，同比增长 19.16%，主要经济指标保持两位数增长，高
质量完成年度战略目标。贵州茅台酒全球唯一千亿级酒类大单品地位持续巩固，茅台 1935 造就
“行业奇迹”，上市仅两年成为营收百亿级大单品，茅台王子酒单品营收超40亿元，汉酱、贵州
大曲、赖茅单品营收分别超10亿元，形成了千、百、十亿级大单品格局，产品矩阵全面构建。 
二是品牌影响持续增大。年内公司市值稳定在2 万亿元以上，稳居A 股上市公司第一",detailed
b1404c75-0a23-4726-aaa7-fe792c30f3dd,茅台在2024年的全球品牌价值排名如何？,茅台在2024年全球品牌价值排名第24位。,茅台以501亿美元的品牌价值位列 《Brand Finance 2024年全球品牌价值500强》 第24位,"。 
二是品牌影响持续增大。年内公司市值稳定在2 万亿元以上，稳居A 股上市公司第一。茅台
以501亿美元的品牌价值位列 《Brand Finance 2024年全球品牌价值500强》 第24位， 以884.27
亿美元的品牌价值位列《2023年BrandZ 最具价值中国品牌100强榜》第3 位，稳居“世界酒类
品牌”榜首。以10,500亿元的品牌价值和唯一万亿级品牌的绝对优势，第六次登顶胡润榜“最具
价值中国品牌”。 
三是治理效能不断提升。 董事会顺利完成换届工作， 新一届董事会成员组成多元、 专业互补，
以多样化的视角保障董事会决策的科学性；全年董事会召集召开 3 次股东大会审议通过 17 项议
案，召开13 次董事会会议审议通过45 项议案，董事会“六大职权”得到有效落实。推进全面风
险管理体系建设，风险管理生态初步形成。成功入选了国务院国资委新一批“双百企业”名单，
获评中国上市公司协会公司治理最佳实践，第三次荣获全国质量奖，高分通过欧洲质量奖评审，
管理基础进一步夯实，企业现代化治理能力和水平进一步提升。 
四是 ESG管理提质增效",detailed
b1404c75-0a23-4726-aaa7-fe792c30f3dd,茅台在2023年中国品牌价值排行榜中的表现如何？,"茅台在2023年中国品牌价值排行榜中位列第3位，并稳居世界酒类品牌榜首，同时以10,500亿元的品牌价值第六次登顶胡润榜最具价值中国品牌。","以884.27亿美元的品牌价值位列《2023年BrandZ 最具价值中国品牌100强榜》第3 位，稳居“世界酒类品牌”榜首。以10,500亿元的品牌价值和唯一万亿级品牌的绝对优势，第六次登顶胡润榜“最具价值中国品牌”。","。 
二是品牌影响持续增大。年内公司市值稳定在2 万亿元以上，稳居A 股上市公司第一。茅台
以501亿美元的品牌价值位列 《Brand Finance 2024年全球品牌价值500强》 第24位， 以884.27
亿美元的品牌价值位列《2023年BrandZ 最具价值中国品牌100强榜》第3 位，稳居“世界酒类
品牌”榜首。以10,500亿元的品牌价值和唯一万亿级品牌的绝对优势，第六次登顶胡润榜“最具
价值中国品牌”。 
三是治理效能不断提升。 董事会顺利完成换届工作， 新一届董事会成员组成多元、 专业互补，
以多样化的视角保障董事会决策的科学性；全年董事会召集召开 3 次股东大会审议通过 17 项议
案，召开13 次董事会会议审议通过45 项议案，董事会“六大职权”得到有效落实。推进全面风
险管理体系建设，风险管理生态初步形成。成功入选了国务院国资委新一批“双百企业”名单，
获评中国上市公司协会公司治理最佳实践，第三次荣获全国质量奖，高分通过欧洲质量奖评审，
管理基础进一步夯实，企业现代化治理能力和水平进一步提升。 
四是 ESG管理提质增效",detailed
b1404c75-0a23-4726-aaa7-fe792c30f3dd,茅台在董事会治理方面有哪些具体成就？,茅台顺利完成董事会换届，新一届成员组成多元且专业互补，全年召开3次股东大会通过17项议案和13次董事会会议通过45项议案，有效落实了董事会“六大职权”。,董事会顺利完成换届工作， 新一届董事会成员组成多元、 专业互补，以多样化的视角保障董事会决策的科学性；全年董事会召集召开 3 次股东大会审议通过 17 项议案，召开13 次董事会会议审议通过45 项议案，董事会“六大职权”得到有效落实。,"。 
二是品牌影响持续增大。年内公司市值稳定在2 万亿元以上，稳居A 股上市公司第一。茅台
以501亿美元的品牌价值位列 《Brand Finance 2024年全球品牌价值500强》 第24位， 以884.27
亿美元的品牌价值位列《2023年BrandZ 最具价值中国品牌100强榜》第3 位，稳居“世界酒类
品牌”榜首。以10,500亿元的品牌价值和唯一万亿级品牌的绝对优势，第六次登顶胡润榜“最具
价值中国品牌”。 
三是治理效能不断提升。 董事会顺利完成换届工作， 新一届董事会成员组成多元、 专业互补，
以多样化的视角保障董事会决策的科学性；全年董事会召集召开 3 次股东大会审议通过 17 项议
案，召开13 次董事会会议审议通过45 项议案，董事会“六大职权”得到有效落实。推进全面风
险管理体系建设，风险管理生态初步形成。成功入选了国务院国资委新一批“双百企业”名单，
获评中国上市公司协会公司治理最佳实践，第三次荣获全国质量奖，高分通过欧洲质量奖评审，
管理基础进一步夯实，企业现代化治理能力和水平进一步提升。 
四是 ESG管理提质增效",detailed
b1404c75-0a23-4726-aaa7-fe792c30f3dd,茅台在风险管理方面取得了哪些进展？,茅台推进了全面风险管理体系建设，初步形成风险管理生态，并入选国务院国资委“双百企业”名单，获评公司治理最佳实践，第三次荣获全国质量奖，高分通过欧洲质量奖评审。,推进全面风险管理体系建设，风险管理生态初步形成。成功入选了国务院国资委新一批“双百企业”名单，获评中国上市公司协会公司治理最佳实践，第三次荣获全国质量奖，高分通过欧洲质量奖评审，管理基础进一步夯实，企业现代化治理能力和水平进一步提升。,"。 
二是品牌影响持续增大。年内公司市值稳定在2 万亿元以上，稳居A 股上市公司第一。茅台
以501亿美元的品牌价值位列 《Brand Finance 2024年全球品牌价值500强》 第24位， 以884.27
亿美元的品牌价值位列《2023年BrandZ 最具价值中国品牌100强榜》第3 位，稳居“世界酒类
品牌”榜首。以10,500亿元的品牌价值和唯一万亿级品牌的绝对优势，第六次登顶胡润榜“最具
价值中国品牌”。 
三是治理效能不断提升。 董事会顺利完成换届工作， 新一届董事会成员组成多元、 专业互补，
以多样化的视角保障董事会决策的科学性；全年董事会召集召开 3 次股东大会审议通过 17 项议
案，召开13 次董事会会议审议通过45 项议案，董事会“六大职权”得到有效落实。推进全面风
险管理体系建设，风险管理生态初步形成。成功入选了国务院国资委新一批“双百企业”名单，
获评中国上市公司协会公司治理最佳实践，第三次荣获全国质量奖，高分通过欧洲质量奖评审，
管理基础进一步夯实，企业现代化治理能力和水平进一步提升。 
四是 ESG管理提质增效",detailed
b1404c75-0a23-4726-aaa7-fe792c30f3dd,茅台在ESG管理方面有何进展？,茅台在ESG管理方面实现了提质增效。,四是 ESG管理提质增效,"。 
二是品牌影响持续增大。年内公司市值稳定在2 万亿元以上，稳居A 股上市公司第一。茅台
以501亿美元的品牌价值位列 《Brand Finance 2024年全球品牌价值500强》 第24位， 以884.27
亿美元的品牌价值位列《2023年BrandZ 最具价值中国品牌100强榜》第3 位，稳居“世界酒类
品牌”榜首。以10,500亿元的品牌价值和唯一万亿级品牌的绝对优势，第六次登顶胡润榜“最具
价值中国品牌”。 
三是治理效能不断提升。 董事会顺利完成换届工作， 新一届董事会成员组成多元、 专业互补，
以多样化的视角保障董事会决策的科学性；全年董事会召集召开 3 次股东大会审议通过 17 项议
案，召开13 次董事会会议审议通过45 项议案，董事会“六大职权”得到有效落实。推进全面风
险管理体系建设，风险管理生态初步形成。成功入选了国务院国资委新一批“双百企业”名单，
获评中国上市公司协会公司治理最佳实践，第三次荣获全国质量奖，高分通过欧洲质量奖评审，
管理基础进一步夯实，企业现代化治理能力和水平进一步提升。 
四是 ESG管理提质增效",detailed
7896dc4e-4a5e-446d-b67e-dfb542ab8b77,公司在ESG管理方面采取了哪些具体措施来提升管理水平？,公司成立了ESG推进委员会及三个分委会和9个工作小组，按照议题识别、整体规划、融入实施、改进创新四个步骤，系统梳理核心议题和重点项目，建立ESG实质性议题矩阵，优化整体ESG管理体系。,健全ESG治理架构，成立ESG推进委员会，同步设立环境、社会、治理三个分委会和9 个工作小组，对标国际规范和先进实践，按照议题识别、整体规划、融入实施、改进创新四个步骤，系统梳理核心议题和重点项目，建立 ESG 实质性议题矩阵，优化公司整体的ESG 管理体系，充分发挥管理机制效能，ESG管理水平有效提升。,"。 
四是 ESG管理提质增效。全面、全域践行ESG 理念，将ESG理念深度融入生产经营、改革发
展各环节。健全ESG治理架构，成立ESG推进委员会，同步设立环境、社会、治理三个分委会和
9 个工作小组，对标国际规范和先进实践，按照议题识别、整体规划、融入实施、改进创新四个步
骤，系统梳理核心议题和重点项目，建立 ESG 实质性议题矩阵，优化公司整体的ESG 管理体系，
充分发挥管理机制效能，ESG管理水平有效提升。 
五是股东回报稳中有升。 切实提升信息披露质量， 增强信息披露的针对性、 有效性和可读性，
通过披露生产经营数据等自愿性公告，及时向市场展现公司高质量发展现状，获得上海证券交易
所信息披露A 级（优秀）评价。以坦诚、开放态度积极与投资者交流，频次创历年之最，交流形
式极大丰富，首次在上海证券交易所交易大厅召开业绩说明会，视频观看人次居A 股前列，获评
中国上市公司协会业绩说明会最佳实践。 再次实施特别分红， 全年共计派发现金红利565.5亿元，
占公司2023年归母净利润的75.67%，分红金额较上年提高约18亿元，再创历史新高，以实际行
动回报投资者",detailed
7896dc4e-4a5e-446d-b67e-dfb542ab8b77,公司在信息披露方面取得了哪些成绩？,公司提升了信息披露质量，增强了针对性、有效性和可读性，通过自愿性公告展现高质量发展现状，获得了上海证券交易所信息披露A级（优秀）评价。,切实提升信息披露质量，增强信息披露的针对性、有效性和可读性，通过披露生产经营数据等自愿性公告，及时向市场展现公司高质量发展现状，获得上海证券交易所信息披露A 级（优秀）评价。,"。 
四是 ESG管理提质增效。全面、全域践行ESG 理念，将ESG理念深度融入生产经营、改革发
展各环节。健全ESG治理架构，成立ESG推进委员会，同步设立环境、社会、治理三个分委会和
9 个工作小组，对标国际规范和先进实践，按照议题识别、整体规划、融入实施、改进创新四个步
骤，系统梳理核心议题和重点项目，建立 ESG 实质性议题矩阵，优化公司整体的ESG 管理体系，
充分发挥管理机制效能，ESG管理水平有效提升。 
五是股东回报稳中有升。 切实提升信息披露质量， 增强信息披露的针对性、 有效性和可读性，
通过披露生产经营数据等自愿性公告，及时向市场展现公司高质量发展现状，获得上海证券交易
所信息披露A 级（优秀）评价。以坦诚、开放态度积极与投资者交流，频次创历年之最，交流形
式极大丰富，首次在上海证券交易所交易大厅召开业绩说明会，视频观看人次居A 股前列，获评
中国上市公司协会业绩说明会最佳实践。 再次实施特别分红， 全年共计派发现金红利565.5亿元，
占公司2023年归母净利润的75.67%，分红金额较上年提高约18亿元，再创历史新高，以实际行
动回报投资者",detailed
7896dc4e-4a5e-446d-b67e-dfb542ab8b77,公司在投资者交流方面有哪些创新举措？,公司首次在上海证券交易所交易大厅召开业绩说明会，视频观看人次居A股前列，并获评中国上市公司协会业绩说明会最佳实践。,以坦诚、开放态度积极与投资者交流，频次创历年之最，交流形式极大丰富，首次在上海证券交易所交易大厅召开业绩说明会，视频观看人次居A 股前列，获评中国上市公司协会业绩说明会最佳实践。,"。 
四是 ESG管理提质增效。全面、全域践行ESG 理念，将ESG理念深度融入生产经营、改革发
展各环节。健全ESG治理架构，成立ESG推进委员会，同步设立环境、社会、治理三个分委会和
9 个工作小组，对标国际规范和先进实践，按照议题识别、整体规划、融入实施、改进创新四个步
骤，系统梳理核心议题和重点项目，建立 ESG 实质性议题矩阵，优化公司整体的ESG 管理体系，
充分发挥管理机制效能，ESG管理水平有效提升。 
五是股东回报稳中有升。 切实提升信息披露质量， 增强信息披露的针对性、 有效性和可读性，
通过披露生产经营数据等自愿性公告，及时向市场展现公司高质量发展现状，获得上海证券交易
所信息披露A 级（优秀）评价。以坦诚、开放态度积极与投资者交流，频次创历年之最，交流形
式极大丰富，首次在上海证券交易所交易大厅召开业绩说明会，视频观看人次居A 股前列，获评
中国上市公司协会业绩说明会最佳实践。 再次实施特别分红， 全年共计派发现金红利565.5亿元，
占公司2023年归母净利润的75.67%，分红金额较上年提高约18亿元，再创历史新高，以实际行
动回报投资者",detailed
7896dc4e-4a5e-446d-b67e-dfb542ab8b77,公司在2023年的股东回报方面有哪些具体表现？,公司全年派发现金红利565.5亿元，占归母净利润的75.67%，分红金额较上年提高约18亿元，创历史新高。,再次实施特别分红，全年共计派发现金红利565.5亿元，占公司2023年归母净利润的75.67%，分红金额较上年提高约18亿元，再创历史新高，以实际行动回报投资者。,"。 
四是 ESG管理提质增效。全面、全域践行ESG 理念，将ESG理念深度融入生产经营、改革发
展各环节。健全ESG治理架构，成立ESG推进委员会，同步设立环境、社会、治理三个分委会和
9 个工作小组，对标国际规范和先进实践，按照议题识别、整体规划、融入实施、改进创新四个步
骤，系统梳理核心议题和重点项目，建立 ESG 实质性议题矩阵，优化公司整体的ESG 管理体系，
充分发挥管理机制效能，ESG管理水平有效提升。 
五是股东回报稳中有升。 切实提升信息披露质量， 增强信息披露的针对性、 有效性和可读性，
通过披露生产经营数据等自愿性公告，及时向市场展现公司高质量发展现状，获得上海证券交易
所信息披露A 级（优秀）评价。以坦诚、开放态度积极与投资者交流，频次创历年之最，交流形
式极大丰富，首次在上海证券交易所交易大厅召开业绩说明会，视频观看人次居A 股前列，获评
中国上市公司协会业绩说明会最佳实践。 再次实施特别分红， 全年共计派发现金红利565.5亿元，
占公司2023年归母净利润的75.67%，分红金额较上年提高约18亿元，再创历史新高，以实际行
动回报投资者",detailed
7896dc4e-4a5e-446d-b67e-dfb542ab8b77,公司在ESG管理中如何对标国际规范和先进实践？,公司通过成立ESG推进委员会及分委会和工作小组，按照议题识别、整体规划、融入实施、改进创新四个步骤，系统梳理核心议题和重点项目，建立ESG实质性议题矩阵，来对标国际规范和先进实践。,健全ESG治理架构，成立ESG推进委员会，同步设立环境、社会、治理三个分委会和9 个工作小组，对标国际规范和先进实践，按照议题识别、整体规划、融入实施、改进创新四个步骤，系统梳理核心议题和重点项目，建立 ESG 实质性议题矩阵，优化公司整体的ESG 管理体系。,"。 
四是 ESG管理提质增效。全面、全域践行ESG 理念，将ESG理念深度融入生产经营、改革发
展各环节。健全ESG治理架构，成立ESG推进委员会，同步设立环境、社会、治理三个分委会和
9 个工作小组，对标国际规范和先进实践，按照议题识别、整体规划、融入实施、改进创新四个步
骤，系统梳理核心议题和重点项目，建立 ESG 实质性议题矩阵，优化公司整体的ESG 管理体系，
充分发挥管理机制效能，ESG管理水平有效提升。 
五是股东回报稳中有升。 切实提升信息披露质量， 增强信息披露的针对性、 有效性和可读性，
通过披露生产经营数据等自愿性公告，及时向市场展现公司高质量发展现状，获得上海证券交易
所信息披露A 级（优秀）评价。以坦诚、开放态度积极与投资者交流，频次创历年之最，交流形
式极大丰富，首次在上海证券交易所交易大厅召开业绩说明会，视频观看人次居A 股前列，获评
中国上市公司协会业绩说明会最佳实践。 再次实施特别分红， 全年共计派发现金红利565.5亿元，
占公司2023年归母净利润的75.67%，分红金额较上年提高约18亿元，再创历史新高，以实际行
动回报投资者",detailed
3b9abf46-7f29-4d74-9343-be64ec2f0f1d,营业收入和营业成本的变动比例相近，但销售费用的变动比例显著更高，可能的原因是什么？,销售费用大幅增长（40.96%）可能源于销售渠道扩展或促销活动增加，而营业收入增长（19.01%）主要由销量增加、渠道/产品结构变化及价格调整驱动，说明销售投入未完全转化为收入。,"营业收入 147,693,604,994.14 124,099,843,771.99 19.01 
营业成本 11,867,273,851.78 10,093,468,616.63 17.57 
销售费用 4,648,613,585.82 3,297,724,190.94 40.96 
营业收入变动原因说明：主要是本期销量增加、销售渠道、产品结构变化及主要产品销售价格调整","。 
(一) 主营业务分析 
1. 利润表及现金流量表相关科目变动分析表 
单位：元 币种：人民币 
科目 本期数 上年同期数 变动比例
（%） 
营业收入 147,693,604,994.14 124,099,843,771.99 19.01 
营业成本 11,867,273,851.78 10,093,468,616.63 17.57 
销售费用 4,648,613,585.82 3,297,724,190.94 40.96 
管理费用 9,729,389,252.31 9,012,191,073.63 7.96 
财务费用 -1,789,503,701.48 -1,391,805,826.72 不适用 
研发费用 157,371,873.01 135,185,680.40 16.41 
经营活动产生的现金流量净额 66,593,247,721.09 36,698,595,830.03 81.46 
投资活动产生的现金流量净额 -9,724,414,015.16 -5,536,826,334.90 不适用 
筹资活动产生的现金流量净额 -58,889,101,991.94 -57,424,528,979.83 不适用 
营业收入变动原因说明：主要是本期销量增加、销售渠道、产品结构变化及主要产品销售价格调
整",detailed
3b9abf46-7f29-4d74-9343-be64ec2f0f1d,为什么财务费用的变动比例标注为'不适用'？,财务费用为负值表示利息收入大于支出，计算百分比变动无实际意义，因此标注为'不适用'。,"财务费用 -1,789,503,701.48 -1,391,805,826.72 不适用","。 
(一) 主营业务分析 
1. 利润表及现金流量表相关科目变动分析表 
单位：元 币种：人民币 
科目 本期数 上年同期数 变动比例
（%） 
营业收入 147,693,604,994.14 124,099,843,771.99 19.01 
营业成本 11,867,273,851.78 10,093,468,616.63 17.57 
销售费用 4,648,613,585.82 3,297,724,190.94 40.96 
管理费用 9,729,389,252.31 9,012,191,073.63 7.96 
财务费用 -1,789,503,701.48 -1,391,805,826.72 不适用 
研发费用 157,371,873.01 135,185,680.40 16.41 
经营活动产生的现金流量净额 66,593,247,721.09 36,698,595,830.03 81.46 
投资活动产生的现金流量净额 -9,724,414,015.16 -5,536,826,334.90 不适用 
筹资活动产生的现金流量净额 -58,889,101,991.94 -57,424,528,979.83 不适用 
营业收入变动原因说明：主要是本期销量增加、销售渠道、产品结构变化及主要产品销售价格调
整",detailed
3b9abf46-7f29-4d74-9343-be64ec2f0f1d,经营活动现金流量净额增长81.46%的主要原因可能是什么？,经营活动现金流大幅增长可能源于销量增加带来的现金流入，以及销售渠道优化和产品价格调整提高了回款效率。,"经营活动产生的现金流量净额 66,593,247,721.09 36,698,595,830.03 81.46 
营业收入变动原因说明：主要是本期销量增加、销售渠道、产品结构变化及主要产品销售价格调整","。 
(一) 主营业务分析 
1. 利润表及现金流量表相关科目变动分析表 
单位：元 币种：人民币 
科目 本期数 上年同期数 变动比例
（%） 
营业收入 147,693,604,994.14 124,099,843,771.99 19.01 
营业成本 11,867,273,851.78 10,093,468,616.63 17.57 
销售费用 4,648,613,585.82 3,297,724,190.94 40.96 
管理费用 9,729,389,252.31 9,012,191,073.63 7.96 
财务费用 -1,789,503,701.48 -1,391,805,826.72 不适用 
研发费用 157,371,873.01 135,185,680.40 16.41 
经营活动产生的现金流量净额 66,593,247,721.09 36,698,595,830.03 81.46 
投资活动产生的现金流量净额 -9,724,414,015.16 -5,536,826,334.90 不适用 
筹资活动产生的现金流量净额 -58,889,101,991.94 -57,424,528,979.83 不适用 
营业收入变动原因说明：主要是本期销量增加、销售渠道、产品结构变化及主要产品销售价格调
整",detailed
3b9abf46-7f29-4d74-9343-be64ec2f0f1d,投资活动和筹资活动现金流量净额持续为负值，这反映了公司怎样的战略方向？,投资活动现金流为负表明公司持续进行资本支出或并购，筹资活动现金流为负反映公司在偿还债务或分红，整体显示扩张与资本结构调整并行的战略。,"投资活动产生的现金流量净额 -9,724,414,015.16 -5,536,826,334.90 不适用 
筹资活动产生的现金流量净额 -58,889,101,991.94 -57,424,528,979.83 不适用","。 
(一) 主营业务分析 
1. 利润表及现金流量表相关科目变动分析表 
单位：元 币种：人民币 
科目 本期数 上年同期数 变动比例
（%） 
营业收入 147,693,604,994.14 124,099,843,771.99 19.01 
营业成本 11,867,273,851.78 10,093,468,616.63 17.57 
销售费用 4,648,613,585.82 3,297,724,190.94 40.96 
管理费用 9,729,389,252.31 9,012,191,073.63 7.96 
财务费用 -1,789,503,701.48 -1,391,805,826.72 不适用 
研发费用 157,371,873.01 135,185,680.40 16.41 
经营活动产生的现金流量净额 66,593,247,721.09 36,698,595,830.03 81.46 
投资活动产生的现金流量净额 -9,724,414,015.16 -5,536,826,334.90 不适用 
筹资活动产生的现金流量净额 -58,889,101,991.94 -57,424,528,979.83 不适用 
营业收入变动原因说明：主要是本期销量增加、销售渠道、产品结构变化及主要产品销售价格调
整",detailed
3b9abf46-7f29-4d74-9343-be64ec2f0f1d,研发费用增长16.41%与营业收入增长19.01%之间存在什么潜在关联？,研发投入增长可能推动了产品结构优化和新产品开发，从而通过差异化产品提升销量和价格，最终带动营业收入增长。,"研发费用 157,371,873.01 135,185,680.40 16.41 
营业收入 147,693,604,994.14 124,099,843,771.99 19.01 
营业收入变动原因说明：主要是本期销量增加、销售渠道、产品结构变化及主要产品销售价格调整","。 
(一) 主营业务分析 
1. 利润表及现金流量表相关科目变动分析表 
单位：元 币种：人民币 
科目 本期数 上年同期数 变动比例
（%） 
营业收入 147,693,604,994.14 124,099,843,771.99 19.01 
营业成本 11,867,273,851.78 10,093,468,616.63 17.57 
销售费用 4,648,613,585.82 3,297,724,190.94 40.96 
管理费用 9,729,389,252.31 9,012,191,073.63 7.96 
财务费用 -1,789,503,701.48 -1,391,805,826.72 不适用 
研发费用 157,371,873.01 135,185,680.40 16.41 
经营活动产生的现金流量净额 66,593,247,721.09 36,698,595,830.03 81.46 
投资活动产生的现金流量净额 -9,724,414,015.16 -5,536,826,334.90 不适用 
筹资活动产生的现金流量净额 -58,889,101,991.94 -57,424,528,979.83 不适用 
营业收入变动原因说明：主要是本期销量增加、销售渠道、产品结构变化及主要产品销售价格调
整",detailed
655d3134-b311-42aa-b448-ffd98cdd798f,2023年营业成本变动的主要原因是什么？,销量增加、生产成本增加及产品结构变化。,营业成本变动原因说明：主要是本期销量增加、生产成本增加及产品结构变化。,"2023 年年度报告 
9 / 143 
 
营业成本变动原因说明：主要是本期销量增加、生产成本增加及产品结构变化。 
销售费用变动原因说明：主要是本期广告及市场拓展费用增加。 
管理费用变动原因说明：主要是本期商标许可使用费、固定资产折旧费增加。 
财务费用变动原因说明：主要是本期商业银行存款利息收入增加。 
研发费用变动原因说明：主要是本期研发项目增加。 
经营活动产生的现金流量净额变动原因说明：主要是本期公司销售商品收到的现金增加及公司控
股子公司贵州茅台集团财务有限公司不可提前支取的定期存款净增加额减少。 
投资活动产生的现金流量净额变动原因说明：主要是本期公司控股子公司贵州茅台集团财务有限
公司购买同业存单增加及公司新增产业发展基金投资。 
筹资活动产生的现金流量净额变动原因说明：主要是分配现金红利增加",detailed
655d3134-b311-42aa-b448-ffd98cdd798f,销售费用增加的主要驱动因素是什么？,广告及市场拓展费用增加。,销售费用变动原因说明：主要是本期广告及市场拓展费用增加。,"2023 年年度报告 
9 / 143 
 
营业成本变动原因说明：主要是本期销量增加、生产成本增加及产品结构变化。 
销售费用变动原因说明：主要是本期广告及市场拓展费用增加。 
管理费用变动原因说明：主要是本期商标许可使用费、固定资产折旧费增加。 
财务费用变动原因说明：主要是本期商业银行存款利息收入增加。 
研发费用变动原因说明：主要是本期研发项目增加。 
经营活动产生的现金流量净额变动原因说明：主要是本期公司销售商品收到的现金增加及公司控
股子公司贵州茅台集团财务有限公司不可提前支取的定期存款净增加额减少。 
投资活动产生的现金流量净额变动原因说明：主要是本期公司控股子公司贵州茅台集团财务有限
公司购买同业存单增加及公司新增产业发展基金投资。 
筹资活动产生的现金流量净额变动原因说明：主要是分配现金红利增加",detailed
655d3134-b311-42aa-b448-ffd98cdd798f,财务费用变动与哪些具体因素相关？,商业银行存款利息收入增加。,财务费用变动原因说明：主要是本期商业银行存款利息收入增加。,"2023 年年度报告 
9 / 143 
 
营业成本变动原因说明：主要是本期销量增加、生产成本增加及产品结构变化。 
销售费用变动原因说明：主要是本期广告及市场拓展费用增加。 
管理费用变动原因说明：主要是本期商标许可使用费、固定资产折旧费增加。 
财务费用变动原因说明：主要是本期商业银行存款利息收入增加。 
研发费用变动原因说明：主要是本期研发项目增加。 
经营活动产生的现金流量净额变动原因说明：主要是本期公司销售商品收到的现金增加及公司控
股子公司贵州茅台集团财务有限公司不可提前支取的定期存款净增加额减少。 
投资活动产生的现金流量净额变动原因说明：主要是本期公司控股子公司贵州茅台集团财务有限
公司购买同业存单增加及公司新增产业发展基金投资。 
筹资活动产生的现金流量净额变动原因说明：主要是分配现金红利增加",detailed
655d3134-b311-42aa-b448-ffd98cdd798f,经营活动产生的现金流量净额变化受哪两个关键因素影响？,销售商品收到的现金增加和不可提前支取的定期存款净增加额减少。,经营活动产生的现金流量净额变动原因说明：主要是本期公司销售商品收到的现金增加及公司控股子公司贵州茅台集团财务有限公司不可提前支取的定期存款净增加额减少。,"2023 年年度报告 
9 / 143 
 
营业成本变动原因说明：主要是本期销量增加、生产成本增加及产品结构变化。 
销售费用变动原因说明：主要是本期广告及市场拓展费用增加。 
管理费用变动原因说明：主要是本期商标许可使用费、固定资产折旧费增加。 
财务费用变动原因说明：主要是本期商业银行存款利息收入增加。 
研发费用变动原因说明：主要是本期研发项目增加。 
经营活动产生的现金流量净额变动原因说明：主要是本期公司销售商品收到的现金增加及公司控
股子公司贵州茅台集团财务有限公司不可提前支取的定期存款净增加额减少。 
投资活动产生的现金流量净额变动原因说明：主要是本期公司控股子公司贵州茅台集团财务有限
公司购买同业存单增加及公司新增产业发展基金投资。 
筹资活动产生的现金流量净额变动原因说明：主要是分配现金红利增加",detailed
655d3134-b311-42aa-b448-ffd98cdd798f,投资活动产生的现金流量净额变动反映了哪些重要业务决策？,购买同业存单增加和新增产业发展基金投资。,投资活动产生的现金流量净额变动原因说明：主要是本期公司控股子公司贵州茅台集团财务有限公司购买同业存单增加及公司新增产业发展基金投资。,"2023 年年度报告 
9 / 143 
 
营业成本变动原因说明：主要是本期销量增加、生产成本增加及产品结构变化。 
销售费用变动原因说明：主要是本期广告及市场拓展费用增加。 
管理费用变动原因说明：主要是本期商标许可使用费、固定资产折旧费增加。 
财务费用变动原因说明：主要是本期商业银行存款利息收入增加。 
研发费用变动原因说明：主要是本期研发项目增加。 
经营活动产生的现金流量净额变动原因说明：主要是本期公司销售商品收到的现金增加及公司控
股子公司贵州茅台集团财务有限公司不可提前支取的定期存款净增加额减少。 
投资活动产生的现金流量净额变动原因说明：主要是本期公司控股子公司贵州茅台集团财务有限
公司购买同业存单增加及公司新增产业发展基金投资。 
筹资活动产生的现金流量净额变动原因说明：主要是分配现金红利增加",detailed
76b71159-f60e-47af-9b07-9a925968f77c,茅台酒和其他系列酒在营业收入和营业成本上的同比增长有何差异？,茅台酒营业收入同比增长17.39%，营业成本同比增长18.83%；其他系列酒营业收入同比增长29.43%，营业成本同比增长15.00%。,"茅台酒 126,589,066,691.89 7,445,470,669.11 94.12 17.39 18.83 -0.07 
其他系列酒 20,629,929,589.15 4,174,732,984.21 79.76 29.43 15.00 2.54","。 
 
本期公司业务类型、利润构成或利润来源发生重大变动的详细说明 
□适用 √不适用  
 
2. 收入和成本分析 
√适用 □不适用  
 
(1). 主营业务分行业、分产品、分地区、分销售模式情况 
单位:元 币种:人民币 
主营业务分行业情况 
分行业 营业收入 营业成本 毛利率
（%） 
营业收
入比上
年增减
（%） 
营业成
本比上
年增减
（%） 
毛利率
比上年
增减
（%） 
酒类 147,218,996,281.04 11,620,203,653.32 92.11 18.94 17.42 0.11 
主营业务分产品情况 
分产品 营业收入 营业成本 毛利率
（%） 
营业收
入比上
年增减
（%） 
营业成
本比上
年增减
（%） 
毛利率
比上年
增减
（%） 
茅台酒 126,589,066,691.89 7,445,470,669.11 94.12 17.39 18.83 -0.07 
其他系
列酒 20,629,929,589.15 4,174,732,984.21 79.76 29.43 15.00 2.54 
主营业务分地区情况 
分地区 营业收入 营业成本 毛利率
（%） 
营业收
入比上
年增减
（%） 
营业成
本比上
年增减
（%） 
毛利率
比上年
增减
（%） 
国内 142,868,885,823.91 11,280,212,551.30 92.10 19.52 18.01 0.10 
国外 4,350,110,457.13 339,991,102.02 92.18 2.61 0.76 0.14 
主营业务分销售模式情况 
销售模
式 营业收入 营业成本 毛利率
（%） 
营业收
入比上
年增减
（%） 
营业成
本比上
年增减
（%） 
毛利率
比上年
增减
（%） 
批发代
理 79,986,119,397.90 8,569,360,111.66 89.29 7.52 6.82 0.07 
直销 67,232,876,883.14 3,050,843,541.66 95.46 36.16 62.78 -0.74",detailed
76b71159-f60e-47af-9b07-9a925968f77c,国内和国外市场的毛利率变化情况如何？,国内市场毛利率比上年增加0.10%，国外市场毛利率比上年增加0.14%。,"国内 142,868,885,823.91 11,280,212,551.30 92.10 19.52 18.01 0.10 
国外 4,350,110,457.13 339,991,102.02 92.18 2.61 0.76 0.14","。 
 
本期公司业务类型、利润构成或利润来源发生重大变动的详细说明 
□适用 √不适用  
 
2. 收入和成本分析 
√适用 □不适用  
 
(1). 主营业务分行业、分产品、分地区、分销售模式情况 
单位:元 币种:人民币 
主营业务分行业情况 
分行业 营业收入 营业成本 毛利率
（%） 
营业收
入比上
年增减
（%） 
营业成
本比上
年增减
（%） 
毛利率
比上年
增减
（%） 
酒类 147,218,996,281.04 11,620,203,653.32 92.11 18.94 17.42 0.11 
主营业务分产品情况 
分产品 营业收入 营业成本 毛利率
（%） 
营业收
入比上
年增减
（%） 
营业成
本比上
年增减
（%） 
毛利率
比上年
增减
（%） 
茅台酒 126,589,066,691.89 7,445,470,669.11 94.12 17.39 18.83 -0.07 
其他系
列酒 20,629,929,589.15 4,174,732,984.21 79.76 29.43 15.00 2.54 
主营业务分地区情况 
分地区 营业收入 营业成本 毛利率
（%） 
营业收
入比上
年增减
（%） 
营业成
本比上
年增减
（%） 
毛利率
比上年
增减
（%） 
国内 142,868,885,823.91 11,280,212,551.30 92.10 19.52 18.01 0.10 
国外 4,350,110,457.13 339,991,102.02 92.18 2.61 0.76 0.14 
主营业务分销售模式情况 
销售模
式 营业收入 营业成本 毛利率
（%） 
营业收
入比上
年增减
（%） 
营业成
本比上
年增减
（%） 
毛利率
比上年
增减
（%） 
批发代
理 79,986,119,397.90 8,569,360,111.66 89.29 7.52 6.82 0.07 
直销 67,232,876,883.14 3,050,843,541.66 95.46 36.16 62.78 -0.74",detailed
76b71159-f60e-47af-9b07-9a925968f77c,批发代理和直销两种销售模式在毛利率和增长率方面有何不同？,批发代理模式毛利率为89.29%，比上年增加0.07%，营业收入同比增长7.52%；直销模式毛利率为95.46%，比上年减少0.74%，营业收入同比增长36.16%。,"批发代理 79,986,119,397.90 8,569,360,111.66 89.29 7.52 6.82 0.07 
直销 67,232,876,883.14 3,050,843,541.66 95.46 36.16 62.78 -0.74","。 
 
本期公司业务类型、利润构成或利润来源发生重大变动的详细说明 
□适用 √不适用  
 
2. 收入和成本分析 
√适用 □不适用  
 
(1). 主营业务分行业、分产品、分地区、分销售模式情况 
单位:元 币种:人民币 
主营业务分行业情况 
分行业 营业收入 营业成本 毛利率
（%） 
营业收
入比上
年增减
（%） 
营业成
本比上
年增减
（%） 
毛利率
比上年
增减
（%） 
酒类 147,218,996,281.04 11,620,203,653.32 92.11 18.94 17.42 0.11 
主营业务分产品情况 
分产品 营业收入 营业成本 毛利率
（%） 
营业收
入比上
年增减
（%） 
营业成
本比上
年增减
（%） 
毛利率
比上年
增减
（%） 
茅台酒 126,589,066,691.89 7,445,470,669.11 94.12 17.39 18.83 -0.07 
其他系
列酒 20,629,929,589.15 4,174,732,984.21 79.76 29.43 15.00 2.54 
主营业务分地区情况 
分地区 营业收入 营业成本 毛利率
（%） 
营业收
入比上
年增减
（%） 
营业成
本比上
年增减
（%） 
毛利率
比上年
增减
（%） 
国内 142,868,885,823.91 11,280,212,551.30 92.10 19.52 18.01 0.10 
国外 4,350,110,457.13 339,991,102.02 92.18 2.61 0.76 0.14 
主营业务分销售模式情况 
销售模
式 营业收入 营业成本 毛利率
（%） 
营业收
入比上
年增减
（%） 
营业成
本比上
年增减
（%） 
毛利率
比上年
增减
（%） 
批发代
理 79,986,119,397.90 8,569,360,111.66 89.29 7.52 6.82 0.07 
直销 67,232,876,883.14 3,050,843,541.66 95.46 36.16 62.78 -0.74",detailed
76b71159-f60e-47af-9b07-9a925968f77c,酒类业务整体的毛利率是多少，与上年相比有何变化？,酒类业务整体毛利率为92.11%，比上年增加0.11%。,"酒类 147,218,996,281.04 11,620,203,653.32 92.11 18.94 17.42 0.11","。 
 
本期公司业务类型、利润构成或利润来源发生重大变动的详细说明 
□适用 √不适用  
 
2. 收入和成本分析 
√适用 □不适用  
 
(1). 主营业务分行业、分产品、分地区、分销售模式情况 
单位:元 币种:人民币 
主营业务分行业情况 
分行业 营业收入 营业成本 毛利率
（%） 
营业收
入比上
年增减
（%） 
营业成
本比上
年增减
（%） 
毛利率
比上年
增减
（%） 
酒类 147,218,996,281.04 11,620,203,653.32 92.11 18.94 17.42 0.11 
主营业务分产品情况 
分产品 营业收入 营业成本 毛利率
（%） 
营业收
入比上
年增减
（%） 
营业成
本比上
年增减
（%） 
毛利率
比上年
增减
（%） 
茅台酒 126,589,066,691.89 7,445,470,669.11 94.12 17.39 18.83 -0.07 
其他系
列酒 20,629,929,589.15 4,174,732,984.21 79.76 29.43 15.00 2.54 
主营业务分地区情况 
分地区 营业收入 营业成本 毛利率
（%） 
营业收
入比上
年增减
（%） 
营业成
本比上
年增减
（%） 
毛利率
比上年
增减
（%） 
国内 142,868,885,823.91 11,280,212,551.30 92.10 19.52 18.01 0.10 
国外 4,350,110,457.13 339,991,102.02 92.18 2.61 0.76 0.14 
主营业务分销售模式情况 
销售模
式 营业收入 营业成本 毛利率
（%） 
营业收
入比上
年增减
（%） 
营业成
本比上
年增减
（%） 
毛利率
比上年
增减
（%） 
批发代
理 79,986,119,397.90 8,569,360,111.66 89.29 7.52 6.82 0.07 
直销 67,232,876,883.14 3,050,843,541.66 95.46 36.16 62.78 -0.74",detailed
76b71159-f60e-47af-9b07-9a925968f77c,直销模式的营业成本增长幅度为何显著高于批发代理模式？,直销模式的营业成本比上年增长62.78%，显著高于批发代理模式的6.82%增长幅度。,"批发代理 79,986,119,397.90 8,569,360,111.66 89.29 7.52 6.82 0.07 
直销 67,232,876,883.14 3,050,843,541.66 95.46 36.16 62.78 -0.74","。 
 
本期公司业务类型、利润构成或利润来源发生重大变动的详细说明 
□适用 √不适用  
 
2. 收入和成本分析 
√适用 □不适用  
 
(1). 主营业务分行业、分产品、分地区、分销售模式情况 
单位:元 币种:人民币 
主营业务分行业情况 
分行业 营业收入 营业成本 毛利率
（%） 
营业收
入比上
年增减
（%） 
营业成
本比上
年增减
（%） 
毛利率
比上年
增减
（%） 
酒类 147,218,996,281.04 11,620,203,653.32 92.11 18.94 17.42 0.11 
主营业务分产品情况 
分产品 营业收入 营业成本 毛利率
（%） 
营业收
入比上
年增减
（%） 
营业成
本比上
年增减
（%） 
毛利率
比上年
增减
（%） 
茅台酒 126,589,066,691.89 7,445,470,669.11 94.12 17.39 18.83 -0.07 
其他系
列酒 20,629,929,589.15 4,174,732,984.21 79.76 29.43 15.00 2.54 
主营业务分地区情况 
分地区 营业收入 营业成本 毛利率
（%） 
营业收
入比上
年增减
（%） 
营业成
本比上
年增减
（%） 
毛利率
比上年
增减
（%） 
国内 142,868,885,823.91 11,280,212,551.30 92.10 19.52 18.01 0.10 
国外 4,350,110,457.13 339,991,102.02 92.18 2.61 0.76 0.14 
主营业务分销售模式情况 
销售模
式 营业收入 营业成本 毛利率
（%） 
营业收
入比上
年增减
（%） 
营业成
本比上
年增减
（%） 
毛利率
比上年
增减
（%） 
批发代
理 79,986,119,397.90 8,569,360,111.66 89.29 7.52 6.82 0.07 
直销 67,232,876,883.14 3,050,843,541.66 95.46 36.16 62.78 -0.74",detailed
0d76a7db-3799-4315-a1ca-9db061290a72,贵州茅台在公司治理结构方面的主要特点及其对公司经营的影响是什么？,贵州茅台的公司治理结构具有以下特点：1) 监事会构成合规且勤勉尽责，有效行使监督职能；2) 经理层严格执行董事会决议，高效完成生产经营任务；3) 与控股股东保持业务、人员、资产、机构和财务五方面的独立性；4) 信息披露制度完善，连续获得上交所最高评级；5) 持续强化内控体系建设。这些特点共同构成了规范的公司治理框架，确保公司决策独立性和经营自主权，有效维护股东权益，为业务稳健发展提供制度保障，同时通过高质量信息披露增强市场公信力。,公司监事会目前由3 名监事组成，其中1 名为职工监事...公司具有独立的业务及自主经营能力， 控股股东与上市公司之间实现了业务、 人员、 资产、机构、财务的独立...公司严格按照法律、法规、《公司章程》以及《公司信息披露管理办法》的规定，真实、准确、完整、及时、公平地披露有关信息...报告期内，公司按照《企业内部控制基本规范》的要求继续开展内部控制相关工作,"。
2023 年年度报告 
22 / 143 
 
3.监事会情况。公司监事会目前由3 名监事组成，其中1 名为职工监事，监事会人员构成符
合法律、法规的要求。公司监事会能够勤勉尽责，本着对股东负责的精神，行使监督检查职能，
对公司财务状况和经营情况、关联交易以及高级管理人员履行职责情况等进行监督，维护公司和
全体股东的合法权益。 
4.经理层工作情况。公司经理层按照法定职权和董事会授权开展日常生产经营事项，负责组
织实施董事会决议，并向董事会报告工作。2023 年度圆满完成了生产经营和改革发展等工作，切
实发挥了谋经营、抓落实、强管理的作用。 
5.控股股东与上市公司情况。控股股东严格按《公司法》要求依法行使出资人的权利并承担
义务。 公司具有独立的业务及自主经营能力， 控股股东与上市公司之间实现了业务、 人员、 资产、
机构、财务的独立，公司董事会、监事会和内部机构均独立运作，确保公司重大决策由公司独立
作出和实施。 
6.公司信息披露情况。公司严格按照法律、法规、《公司章程》以及《公司信息披露管理办
法》的规定，真实、准确、完整、及时、公平地披露有关信息，并确保所有股东和其他利益相关
者能平等获得公司信息。报告期内，公司披露了42份临时公告、4份定期报告。经上海证券交易
所综合考评，公司2022至2023 年度信息披露工作评价结果为A（优秀）。 
7.关联交易情况。公司与控股股东中国贵州茅台酒厂（集团）有限责任公司等关联方之间存
在关联交易，这些关联交易均是为了确保公司正常生产经营和业务开展而进行，具体内容通过相
关协议予以规范，并且履行了决策程序，遵循了公开、公平、公正的原则，定价公允，对本公司
经营不存在不利影响。 
8.内部控制建设情况。报告期内，公司按照《企业内部控制基本规范》的要求继续开展内部
控制相关工作，持续推进内部控制建设、评价、审计等相关工作，保证公司内部控制目标的实
现，进一步提升公司治理水平。 
 
公司治理与法律、行政法规和中国证监会关于上市公司治理的规定是否存在重大差异；如有重大
差异，应当说明原因 
□适用 √不适用  
 
二、 公司控股股东、实际控制人在保证公司资产、人员、财务、机构、业务等方面独立性的具体
措施，以及影响公司独立性而采取的解决方案、工作进度及后续工作计划 
□适用  √不适用  
 
控股股东、实际控制人及其控制的其他单位从事与公司相同或者相近业务的情况，以及同业竞争
或者同业竞争情况发生较大变化对公司的影响、已采取的解决措施、解决进展以及后续解决计划 
□适用  √不适用  
 
三、 股东大会情况简介 
会议届次 召开日期 决议刊登的指定网
站的查询索引 
决议刊登的
披露日期 会议决议 
2022 年度股东
大会 2023-06-13 上 海证券交 易所
www.sse.com.cn 2023-06-14 
详见《贵州茅台2022年度
股东大会决议公告》 （公告
编号：临2023－016）。 
2023 年第一次
临时股东大会 2023-09-07 上 海证券交 易所
www.sse.com.cn 2023-09-08 
详见《贵州茅台2023年第
一次临时股东大会决议公
告》（公告编号：临 2023
－029）。 
2023 年第二次
临时股东大会 2023-12-06 上 海证券交 易所
www.sse.com.cn 2023-12-07 
详见《贵州茅台2023年第
二次临时股东大会决议公
告》（公告编号：临 2023
－039）",large_context
0d76a7db-3799-4315-a1ca-9db061290a72,贵州茅台关联交易的管理机制及其对公司经营的影响如何？,贵州茅台建立了规范的关联交易管理机制：1) 交易必要性方面，仅限于保障正常生产经营所需；2) 程序规范方面，通过协议明确交易内容并履行法定决策程序；3) 定价机制方面，严格遵循三公原则确保公允性。这种机制既满足了业务实际需求，又通过制度设计有效防范了利益输送风险，使关联交易维持在合理必要范围，经评估对公司经营未产生负面影响，体现了公司在集团化运营中的规范运作能力。,公司与控股股东中国贵州茅台酒厂（集团）有限责任公司等关联方之间存在关联交易...这些关联交易均是为了确保公司正常生产经营和业务开展而进行，具体内容通过相关协议予以规范，并且履行了决策程序，遵循了公开、公平、公正的原则，定价公允，对本公司经营不存在不利影响,"。
2023 年年度报告 
22 / 143 
 
3.监事会情况。公司监事会目前由3 名监事组成，其中1 名为职工监事，监事会人员构成符
合法律、法规的要求。公司监事会能够勤勉尽责，本着对股东负责的精神，行使监督检查职能，
对公司财务状况和经营情况、关联交易以及高级管理人员履行职责情况等进行监督，维护公司和
全体股东的合法权益。 
4.经理层工作情况。公司经理层按照法定职权和董事会授权开展日常生产经营事项，负责组
织实施董事会决议，并向董事会报告工作。2023 年度圆满完成了生产经营和改革发展等工作，切
实发挥了谋经营、抓落实、强管理的作用。 
5.控股股东与上市公司情况。控股股东严格按《公司法》要求依法行使出资人的权利并承担
义务。 公司具有独立的业务及自主经营能力， 控股股东与上市公司之间实现了业务、 人员、 资产、
机构、财务的独立，公司董事会、监事会和内部机构均独立运作，确保公司重大决策由公司独立
作出和实施。 
6.公司信息披露情况。公司严格按照法律、法规、《公司章程》以及《公司信息披露管理办
法》的规定，真实、准确、完整、及时、公平地披露有关信息，并确保所有股东和其他利益相关
者能平等获得公司信息。报告期内，公司披露了42份临时公告、4份定期报告。经上海证券交易
所综合考评，公司2022至2023 年度信息披露工作评价结果为A（优秀）。 
7.关联交易情况。公司与控股股东中国贵州茅台酒厂（集团）有限责任公司等关联方之间存
在关联交易，这些关联交易均是为了确保公司正常生产经营和业务开展而进行，具体内容通过相
关协议予以规范，并且履行了决策程序，遵循了公开、公平、公正的原则，定价公允，对本公司
经营不存在不利影响。 
8.内部控制建设情况。报告期内，公司按照《企业内部控制基本规范》的要求继续开展内部
控制相关工作，持续推进内部控制建设、评价、审计等相关工作，保证公司内部控制目标的实
现，进一步提升公司治理水平。 
 
公司治理与法律、行政法规和中国证监会关于上市公司治理的规定是否存在重大差异；如有重大
差异，应当说明原因 
□适用 √不适用  
 
二、 公司控股股东、实际控制人在保证公司资产、人员、财务、机构、业务等方面独立性的具体
措施，以及影响公司独立性而采取的解决方案、工作进度及后续工作计划 
□适用  √不适用  
 
控股股东、实际控制人及其控制的其他单位从事与公司相同或者相近业务的情况，以及同业竞争
或者同业竞争情况发生较大变化对公司的影响、已采取的解决措施、解决进展以及后续解决计划 
□适用  √不适用  
 
三、 股东大会情况简介 
会议届次 召开日期 决议刊登的指定网
站的查询索引 
决议刊登的
披露日期 会议决议 
2022 年度股东
大会 2023-06-13 上 海证券交 易所
www.sse.com.cn 2023-06-14 
详见《贵州茅台2022年度
股东大会决议公告》 （公告
编号：临2023－016）。 
2023 年第一次
临时股东大会 2023-09-07 上 海证券交 易所
www.sse.com.cn 2023-09-08 
详见《贵州茅台2023年第
一次临时股东大会决议公
告》（公告编号：临 2023
－029）。 
2023 年第二次
临时股东大会 2023-12-06 上 海证券交 易所
www.sse.com.cn 2023-12-07 
详见《贵州茅台2023年第
二次临时股东大会决议公
告》（公告编号：临 2023
－039）",large_context
b6a28bfb-018e-4957-92e8-d5870d087839,从茅台集团高管的薪酬结构和任职经历来看，公司治理结构存在哪些特点？,茅台集团的治理结构呈现两大特点：一是高管薪酬的集团化统筹，核心高管（如董事长丁雄军、代行总经理职责的王莉等）的薪酬均由控股股东茅台集团支付，上市公司层面不重复支付，这体现了集团对子公司的强控制力；二是高管团队的内部培养与轮岗机制，如王莉从技术岗位（总工程师）晋升至管理岗位，涂华彬历任生产、子公司管理等多个体系职务，反映出公司注重复合型管理人才的培养和内部晋升通道的建设。,3.丁雄军、王莉、李静仁在公司控股股东茅台集团获得报酬，不在本公司获得报酬；刘世仲在公司控股股东茅台集团子公司获得报酬...涂华彬、王晓维2023年9月起在公司控股股东茅台集团获得报酬，不在本公司获得报酬。,"。2.独立董事获得的报酬为报告期内从公司获得
的所有税前津贴。3.丁雄军、王莉、李静仁在公司控股股东茅台集团获得报酬，不在本公司获得报酬；刘世仲在公司控股股东茅台集团子公司获得报酬，
不在本公司获得报酬。4.涂华彬、王晓维2023年9月起在公司控股股东茅台集团获得报酬，不在本公司获得报酬。 
 
姓名 主要工作经历 
丁雄军 
曾任贵州省政府副秘书长、办公厅党组成员，贵州省委全面深化改革领导小组办公室副主任，贵州省毕节市委常委、副市长（分管市政府常
务工作），贵州省能源局党组书记、局长。现任中国贵州茅台酒厂（集团）有限责任公司党委书记、董事长、董事，贵州茅台酒股份有限公
司党委书记、董事长、董事，茅台学院董事长、董事。 
王莉 曾任中国贵州茅台酒厂（集团）有限责任公司副总经理、总工程师，贵州茅台酒股份有限公司副总经理、总工程师。现任中国贵州茅台酒厂
（集团）有限责任公司党委副书记、副董事长、董事、总经理，贵州茅台酒股份有限公司党委副书记、董事、代行总经理职责。 
郭田勇 曾任职于中国人民银行烟台分行。现任中央财经大学金融学院教授、博士生导师，平安健康医疗科技有限公司独立非执行董事，平安银行
股份有限公司独立董事，贵州茅台酒股份有限公司独立董事。 
盛雷鸣 曾任上海市中茂律师事务所律师。现任北京观韬中茂（上海）律师事务所律师，中华全国律师协会副会长，上海振华重工(集团)股份有限公
司、青岛啤酒股份有限公司、上海外服控股集团股份有限公司、上海联影医疗科技股份有限公司、贵州茅台酒股份有限公司独立董事。 
王鑫 曾在香港中文大学任教。现为香港大学经管学院会计与法学系系主任、会计学教授，首程控股有限公司独立非执行董事、贵州茅台酒股份
有限公司独立董事。 
刘世仲 曾任中国贵州茅台酒厂（集团）有限责任公司法律知保处处长，贵州茅台酒股份有限公司法律知保部主任。现任贵州茅台酒厂（集团）置业
投资发展有限公司党委书记、董事长，贵州茅台酒厂（集团）贵阳商务有限责任公司董事长，贵州茅台酒股份有限公司董事。 
谢钦卿 曾任贵州茅台酱香酒营销有限公司党委委员、纪委书记、监事会主席，贵州茅台酱香酒营销有限公司党委副书记、董事、工会主席。现任中
国贵州茅台酒厂（集团）有限责任公司企业管理部主任，贵州茅台酒股份有限公司职工董事、企业发展部部长。
2023 年年度报告 
26 / 143 
 
游亚林 曾任中国贵州茅台酒厂（集团）有限责任公司总经理助理、党委办公室主任、机关党委书记、国安办公室主任、保密办公室主任、信访办公
室主任。现任贵州茅台酒股份有限公司党委副书记、监事会主席、监事、工会主席。 
李强清 
曾任中国贵州茅台酒厂（集团）有限责任公司办公室副主任、党委办公室副主任、董事会办公室主任、数字与信息化管理中心主任，贵州茅
台酱香酒营销有限公司党委委员、副书记、董事、总经理。现任贵州茅台酒股份有限公司纪委委员、党委办公室(公司办公室）主任、机关
党委委员、常务副书记。 
闻勇 曾任共青团贵州省委办公室一级主任科员、四级调研员，中国贵州茅台酒厂(集团)有限责任公司法律合规部副主任，贵州茅台酒股份有限
公司法律合规部副部长。现任贵州茅台酒股份有限公司职工监事、法律合规部部长。 
涂华彬 
曾任贵州茅台酒股份有限公司总经理助理、生产管理部主任、新车间筹备组组长、生产党支部书记，中国贵州茅台酒厂（集团）有限责任公
司总经理助理，贵州茅台酒厂（集团）习酒有限责任公司党委副书记、副董事长、总经理，贵州茅台酒股份有限公司和义兴酒业分公司总经
理",large_context
b6a28bfb-018e-4957-92e8-d5870d087839,茅台集团独立董事的构成如何体现其战略发展需求？,茅台独立董事的选聘呈现出专业化与多元化的战略布局：金融专家（郭田勇）的加入可能强化资本运作能力，应对白酒行业竞争加剧下的投融资需求；法律专家（盛雷鸣）的配置符合国企合规治理和国际化发展的要求；国际会计背景（王鑫）的董事则可能为跨境业务（如海外市场拓展）提供支持。这种组合反映了公司在保持传统主业优势的同时，正通过治理结构优化来应对市场化、法治化、国际化的挑战。,郭田勇...现任中央财经大学金融学院教授...盛雷鸣...现任中华全国律师协会副会长...王鑫...现为香港大学经管学院会计与法学系系主任...,"。2.独立董事获得的报酬为报告期内从公司获得
的所有税前津贴。3.丁雄军、王莉、李静仁在公司控股股东茅台集团获得报酬，不在本公司获得报酬；刘世仲在公司控股股东茅台集团子公司获得报酬，
不在本公司获得报酬。4.涂华彬、王晓维2023年9月起在公司控股股东茅台集团获得报酬，不在本公司获得报酬。 
 
姓名 主要工作经历 
丁雄军 
曾任贵州省政府副秘书长、办公厅党组成员，贵州省委全面深化改革领导小组办公室副主任，贵州省毕节市委常委、副市长（分管市政府常
务工作），贵州省能源局党组书记、局长。现任中国贵州茅台酒厂（集团）有限责任公司党委书记、董事长、董事，贵州茅台酒股份有限公
司党委书记、董事长、董事，茅台学院董事长、董事。 
王莉 曾任中国贵州茅台酒厂（集团）有限责任公司副总经理、总工程师，贵州茅台酒股份有限公司副总经理、总工程师。现任中国贵州茅台酒厂
（集团）有限责任公司党委副书记、副董事长、董事、总经理，贵州茅台酒股份有限公司党委副书记、董事、代行总经理职责。 
郭田勇 曾任职于中国人民银行烟台分行。现任中央财经大学金融学院教授、博士生导师，平安健康医疗科技有限公司独立非执行董事，平安银行
股份有限公司独立董事，贵州茅台酒股份有限公司独立董事。 
盛雷鸣 曾任上海市中茂律师事务所律师。现任北京观韬中茂（上海）律师事务所律师，中华全国律师协会副会长，上海振华重工(集团)股份有限公
司、青岛啤酒股份有限公司、上海外服控股集团股份有限公司、上海联影医疗科技股份有限公司、贵州茅台酒股份有限公司独立董事。 
王鑫 曾在香港中文大学任教。现为香港大学经管学院会计与法学系系主任、会计学教授，首程控股有限公司独立非执行董事、贵州茅台酒股份
有限公司独立董事。 
刘世仲 曾任中国贵州茅台酒厂（集团）有限责任公司法律知保处处长，贵州茅台酒股份有限公司法律知保部主任。现任贵州茅台酒厂（集团）置业
投资发展有限公司党委书记、董事长，贵州茅台酒厂（集团）贵阳商务有限责任公司董事长，贵州茅台酒股份有限公司董事。 
谢钦卿 曾任贵州茅台酱香酒营销有限公司党委委员、纪委书记、监事会主席，贵州茅台酱香酒营销有限公司党委副书记、董事、工会主席。现任中
国贵州茅台酒厂（集团）有限责任公司企业管理部主任，贵州茅台酒股份有限公司职工董事、企业发展部部长。
2023 年年度报告 
26 / 143 
 
游亚林 曾任中国贵州茅台酒厂（集团）有限责任公司总经理助理、党委办公室主任、机关党委书记、国安办公室主任、保密办公室主任、信访办公
室主任。现任贵州茅台酒股份有限公司党委副书记、监事会主席、监事、工会主席。 
李强清 
曾任中国贵州茅台酒厂（集团）有限责任公司办公室副主任、党委办公室副主任、董事会办公室主任、数字与信息化管理中心主任，贵州茅
台酱香酒营销有限公司党委委员、副书记、董事、总经理。现任贵州茅台酒股份有限公司纪委委员、党委办公室(公司办公室）主任、机关
党委委员、常务副书记。 
闻勇 曾任共青团贵州省委办公室一级主任科员、四级调研员，中国贵州茅台酒厂(集团)有限责任公司法律合规部副主任，贵州茅台酒股份有限
公司法律合规部副部长。现任贵州茅台酒股份有限公司职工监事、法律合规部部长。 
涂华彬 
曾任贵州茅台酒股份有限公司总经理助理、生产管理部主任、新车间筹备组组长、生产党支部书记，中国贵州茅台酒厂（集团）有限责任公
司总经理助理，贵州茅台酒厂（集团）习酒有限责任公司党委副书记、副董事长、总经理，贵州茅台酒股份有限公司和义兴酒业分公司总经
理",large_context
338497fa-9859-49f9-acf3-0258901893f2,从战略委员会2023年的七次会议内容来看，公司的主要战略投资方向是什么？这些投资如何体现公司的长期发展布局？,公司战略投资呈现三个核心方向：1) 数字化升级（业财一体化项目、实验仪器设备采购）；2) 产能与供应链建设（6万吨勾调中心、交通停车场用地）；3) 产业生态布局（参与产业发展基金）。这些投资形成了从生产基础设施完善（勾调中心）、到运营效率提升（数字化项目）、再到产业链延伸（产业基金）的立体化布局，反映出公司通过强化核心产能、优化管理效能、拓展产业协同来实现可持续发展的战略路径。,2023年04月06日 审议通过《关于投资建设业财一体化项目的议案》...2023年05月16日 审议通过《关于出资参与设立产业发展基金的议案》...2023年07月31日 审议通过《关于投资建设中华6万吨勾调中心及危普货停车场综合项目的议案》...2023年12月18日 审议通过《关于勾兑灌装酒库区域乙醇浓度检测报警装置及联动风机系统整改项目的议案》,"。 
2023年08月19日 第四届提名委员会2023
年度第一次会议 
审议通过《关于提名董事候选人的议案》《关
于确定代行总经理职责人选的议案》，并同意
按规定将有关议案提交公司董事会审议。 
2023年11月19日 第四届提名委员会2023
年度第二次会议 
审议通过《关于提名独立董事候选人的议案》，
并同意按规定将有关议案提交公司董事会审
议。 
 
(四) 报告期内薪酬与考核委员会召开两次会议 
召开日期 会议内容 重要意见和建议 
2023年10月19日 
第四届薪酬与考核委
员会 2023 年度第一
次会议 
审议通过《关于审议公司经理层2022年度考核结
果及 2023年度经营业绩责任书的议案》，并同意
按规定将有关议案提交公司董事会审议。 
2023年12月5日 
第四届薪酬与考核委
员会 2023 年度第二
次会议 
审议通过《关于审议公司2022年工资总额预算执
行情况和2023年工资总额预算方案的议案》，并
同意按规定将有关议案提交公司董事会审议。 
 
(五) 报告期内战略委员会召开七次会议 
召开日期 会议内容 重要意见和建议 
2023年04月06日 第 三 届 战 略 委 员 会
2023年度第一次会议 
审议通过《关于投资建设业财一体化项目的议
案》，并同意按规定将有关议案提交公司董事会
审议。 
2023年04月23日 第 三 届 战 略 委 员 会
2023年度第二次会议 
审议通过《国酒茅台定制营销（贵州）有限公司
清算方案》，并同意按规定将有关议案提交公司
董事会审议。 
2023年05月16日 第 三 届 战 略 委 员 会
2023年度第三次会议 
审议通过 《关于出资参与设立产业发展基金的议
案》，并同意按规定将有关议案提交公司董事会
审议。 
2023年07月31日 第 四 届 战 略 委 员 会
2023年度第一次会议 
审议通过 《关于投资建设中华6万吨勾调中心及
危普货停车场综合项目的议案》，并同意按规定
将有关议案提交公司董事会审议。 
2023年10月19日 第 四 届 战 略 委 员 会
2023年度第二次会议 
审议通过《关于购买交通综合停车场建设用地使
用权的议案》，并同意按规定将有关议案提交公
司董事会审议。 
2023年11月19日 第 四 届 战 略 委 员 会
2023年度第三次会议 
审议通过《关于采购 2023 年实验仪器设备的议
案》，并同意按规定将有关议案提交公司董事会
审议。 
2023年12月18日 第 四 届 战 略 委 员 会
2023年度第四次会议 
审议通过 《关于勾兑灌装酒库区域乙醇浓度检测
报警装置及联动风机系统整改项目的议案》，并
同意按规定将有关议案提交公司董事会审议。 
 
(六) 报告期内风险与合规管理委员会召开三次会议 
召开日期 会议内容 重要意见和建议
2023 年年度报告 
32 / 143 
 
2023年03月28日 第三届风险管理委员会
2023年度第一次会议 
审议通过《2022年度内部控制评价报告》，
并同意按规定将有关议案提交公司董事会审
议。 
2023年04月23日 第三届风险管理委员会
2023年度第二次会议 
审议通过《关于制定<公司全面风险管理办法>
的议案》《关于制定<公司合规管理办法》>的
议案》，并同意按规定将有关议案提交公司董
事会审议",large_context
338497fa-9859-49f9-acf3-0258901893f2,风险与合规管理委员会在2023年审议通过的两项重要管理办法，反映了公司在风险管理体系构建上的哪些关键考量？这些措施可能如何影响公司的运营模式？,两项管理办法的制定表明公司风险管理的双重聚焦：1) 全面风险管理强调系统性风险识别（覆盖所有业务环节），体现从被动应对到主动防控的转变；2) 专项合规管理突出监管适应性，针对酒类行业特殊的安全生产（如乙醇浓度监测）、国资监管等要求。这将推动公司运营模式发生三个转变：决策流程更强调风控前置（如投资项目的合规审查）、资源配置需平衡效率与风险（如预算中增加合规投入）、组织架构可能增设专职风控岗位，最终形成制度化的风险管理体系。,2023年04月23日 审议通过《关于制定<公司全面风险管理办法>的议案》《关于制定<公司合规管理办法>的议案》,"。 
2023年08月19日 第四届提名委员会2023
年度第一次会议 
审议通过《关于提名董事候选人的议案》《关
于确定代行总经理职责人选的议案》，并同意
按规定将有关议案提交公司董事会审议。 
2023年11月19日 第四届提名委员会2023
年度第二次会议 
审议通过《关于提名独立董事候选人的议案》，
并同意按规定将有关议案提交公司董事会审
议。 
 
(四) 报告期内薪酬与考核委员会召开两次会议 
召开日期 会议内容 重要意见和建议 
2023年10月19日 
第四届薪酬与考核委
员会 2023 年度第一
次会议 
审议通过《关于审议公司经理层2022年度考核结
果及 2023年度经营业绩责任书的议案》，并同意
按规定将有关议案提交公司董事会审议。 
2023年12月5日 
第四届薪酬与考核委
员会 2023 年度第二
次会议 
审议通过《关于审议公司2022年工资总额预算执
行情况和2023年工资总额预算方案的议案》，并
同意按规定将有关议案提交公司董事会审议。 
 
(五) 报告期内战略委员会召开七次会议 
召开日期 会议内容 重要意见和建议 
2023年04月06日 第 三 届 战 略 委 员 会
2023年度第一次会议 
审议通过《关于投资建设业财一体化项目的议
案》，并同意按规定将有关议案提交公司董事会
审议。 
2023年04月23日 第 三 届 战 略 委 员 会
2023年度第二次会议 
审议通过《国酒茅台定制营销（贵州）有限公司
清算方案》，并同意按规定将有关议案提交公司
董事会审议。 
2023年05月16日 第 三 届 战 略 委 员 会
2023年度第三次会议 
审议通过 《关于出资参与设立产业发展基金的议
案》，并同意按规定将有关议案提交公司董事会
审议。 
2023年07月31日 第 四 届 战 略 委 员 会
2023年度第一次会议 
审议通过 《关于投资建设中华6万吨勾调中心及
危普货停车场综合项目的议案》，并同意按规定
将有关议案提交公司董事会审议。 
2023年10月19日 第 四 届 战 略 委 员 会
2023年度第二次会议 
审议通过《关于购买交通综合停车场建设用地使
用权的议案》，并同意按规定将有关议案提交公
司董事会审议。 
2023年11月19日 第 四 届 战 略 委 员 会
2023年度第三次会议 
审议通过《关于采购 2023 年实验仪器设备的议
案》，并同意按规定将有关议案提交公司董事会
审议。 
2023年12月18日 第 四 届 战 略 委 员 会
2023年度第四次会议 
审议通过 《关于勾兑灌装酒库区域乙醇浓度检测
报警装置及联动风机系统整改项目的议案》，并
同意按规定将有关议案提交公司董事会审议。 
 
(六) 报告期内风险与合规管理委员会召开三次会议 
召开日期 会议内容 重要意见和建议
2023 年年度报告 
32 / 143 
 
2023年03月28日 第三届风险管理委员会
2023年度第一次会议 
审议通过《2022年度内部控制评价报告》，
并同意按规定将有关议案提交公司董事会审
议。 
2023年04月23日 第三届风险管理委员会
2023年度第二次会议 
审议通过《关于制定<公司全面风险管理办法>
的议案》《关于制定<公司合规管理办法》>的
议案》，并同意按规定将有关议案提交公司董
事会审议",large_context
2b8b2d01-6523-4b2d-b0af-b915ca7c35b9,公司的人力资源结构如何反映了其业务特点和潜在的发展方向？,"公司的人力资源结构显示出明显的生产导向特征，生产人员占比高达83%（27,616/33,302），这与制造业或重资产行业的特点相符。技术研发人员仅占2.2%（740人），可能表明公司当前业务更依赖规模化生产而非技术创新。教育程度方面，中专/高中及以下学历占比53.7%，反映出劳动密集型产业特征；而本科及以上学历占比33%（10,535+491），为管理岗位和技术岗位提供了人才储备。这种结构暗示公司可能处于成熟发展阶段，未来若要加强研发或数字化转型，可能需要优化人才结构。","专业构成 
专业构成类别 专业构成人数 
生产人员 27,616 
销售人员 1,198 
技术人员 740 
财务人员 261 
行政人员 1,867 
其他 1,620 
合计 33,302 
教育程度 
教育程度类别 数量（人） 
研究生以上学历 491 
本科学历 10,535 
大专学历 4,402 
中专、高中及以下 17,874 
合计 33,302","。 
2023年07月31日 第四届风险管理委员会
2023年度第一次会议 
审议通过《关于董事会风险管理委员会更名并
修订议事规则的议案》，并同意按规定将有关
议案提交公司董事会审议。 
 
(七) 存在异议事项的具体情况 
□适用  √不适用  
 
八、 监事会发现公司存在风险的说明 
□适用 √不适用  
监事会对报告期内的监督事项无异议。 
 
 
九、 报告期末母公司和主要子公司的员工情况 
(一) 员工情况 
母公司在职员工的数量 31,916 
主要子公司在职员工的数量 1,386 
在职员工的数量合计 33,302 
母公司及主要子公司需承担费用的离退休职
工人数 2,074 
专业构成 
专业构成类别 专业构成人数 
生产人员 27,616 
销售人员 1,198 
技术人员 740 
财务人员 261 
行政人员 1,867 
其他 1,620 
合计 33,302 
教育程度 
教育程度类别 数量（人） 
研究生以上学历 491 
本科学历 10,535 
大专学历 4,402 
中专、高中及以下 17,874 
合计 33,302 
 
(二) 薪酬政策 
√适用  □不适用  
一是高级管理人员实行年薪制，年薪由基本年薪、绩效年薪和任期激励三部分构成，原则上
不享受其他工资性支出，例如津补贴等；二是中级管理人员实行准年薪制，根据不同系统的工作
性质、责任权益、风险、业绩等因素综合确定相应的薪酬水平。三是一般员工主要实行岗位绩效
2023 年年度报告 
33 / 143 
 
工资制，具体根据各岗位的技术含量、知识含量、个人能力、工作业绩、劳动强度等要素确定其
薪酬水平。 
 
(三) 培训计划 
√适用  □不适用  
2024年培训计划共124项（238 期），其中公司级培训43项，部门级培训81项。公司级培
训是指公司层面举办的培训，部门级培训是指各单位结合实际及员工成长需要组织实施的培训。
按照培训内容分为人才专项、通用能力、业务技能共3 个大类，其中人才专项6 项、通用能力10
项、业务技能108 项。人才专项类着力加强对重点人才培训，包括对“传承计划”人员、中级管
理人员、内部培训师、品评后备人才、生产系统后备骨干等组织开展培训，不断提升其能力素质
和技术技能。通用能力类围绕提升员工通用能力素质，构建可重复使用、参与群体广泛、标准化
程度较高的课程，设立公司通用类培训课程，包括综合素质、法律规章、文化教育等3 个小类通
用性培训。业务技能类着力提升员工专业能力素质， 结合岗位特质， 统筹了安全管理、 财务金融、
采购管理、供应管理、纪检监察、技术研发、品评技能、设备管理、生产工艺、质量管理、资格
取证、生态环保、人力资源、数字与信息化等19个小类的专业性培训。 
 
(四) 劳务外包情况 
√适用 □不适用  
2023年，公司劳务外包支付的报酬总额3.47亿元（含税）。 
 
十、 利润分配或资本公积金转增预案 
(一) 现金分红政策的制定、执行或调整情况 
√适用  □不适用  
公司《章程》中明确了利润分配的原则、条件、方式、周期、现金分红比例、利润分配的决
策及调整程序、机制等。 
1.根据公司2022年度股东大会审议通过的《2022年度利润分配方案》，公司以2022年年末
总股本125,619.78万股为基数，向公司全体股东每10股派发现金红利259.11元（含税）。该利
润分配方案由公司独立董事发表意见， 经公司董事会审议通过之后， 提交公司股东大会审议通过",large_context
2b8b2d01-6523-4b2d-b0af-b915ca7c35b9,公司的薪酬和培训体系如何支撑其战略目标的实现？,公司的薪酬体系采用分层设计：高管年薪制（基本+绩效+任期激励）强调长期价值创造，中层准年薪制平衡系统差异性，基层岗位绩效制突出即时贡献，这种结构既能保持核心团队稳定，又能激发全员效能。培训体系具有显著的战略导向性：124项培训中87%聚焦业务技能（108项），直接支撑主营业务能力提升；人才专项培训（6项）针对关键岗位接班人计划（如'传承计划'），确保人才梯队建设；通用能力培训（10项）则构建组织基础能力。特别是将19个专业领域的技能培训与数字信息化等现代技能结合，显示出在保持现有业务优势的同时，正在为数字化转型储备能力。,一是高级管理人员实行年薪制...一般员工主要实行岗位绩效工资制...2024年培训计划共124项（238 期）...人才专项类着力加强对重点人才培训...业务技能类着力提升员工专业能力素质,"。 
2023年07月31日 第四届风险管理委员会
2023年度第一次会议 
审议通过《关于董事会风险管理委员会更名并
修订议事规则的议案》，并同意按规定将有关
议案提交公司董事会审议。 
 
(七) 存在异议事项的具体情况 
□适用  √不适用  
 
八、 监事会发现公司存在风险的说明 
□适用 √不适用  
监事会对报告期内的监督事项无异议。 
 
 
九、 报告期末母公司和主要子公司的员工情况 
(一) 员工情况 
母公司在职员工的数量 31,916 
主要子公司在职员工的数量 1,386 
在职员工的数量合计 33,302 
母公司及主要子公司需承担费用的离退休职
工人数 2,074 
专业构成 
专业构成类别 专业构成人数 
生产人员 27,616 
销售人员 1,198 
技术人员 740 
财务人员 261 
行政人员 1,867 
其他 1,620 
合计 33,302 
教育程度 
教育程度类别 数量（人） 
研究生以上学历 491 
本科学历 10,535 
大专学历 4,402 
中专、高中及以下 17,874 
合计 33,302 
 
(二) 薪酬政策 
√适用  □不适用  
一是高级管理人员实行年薪制，年薪由基本年薪、绩效年薪和任期激励三部分构成，原则上
不享受其他工资性支出，例如津补贴等；二是中级管理人员实行准年薪制，根据不同系统的工作
性质、责任权益、风险、业绩等因素综合确定相应的薪酬水平。三是一般员工主要实行岗位绩效
2023 年年度报告 
33 / 143 
 
工资制，具体根据各岗位的技术含量、知识含量、个人能力、工作业绩、劳动强度等要素确定其
薪酬水平。 
 
(三) 培训计划 
√适用  □不适用  
2024年培训计划共124项（238 期），其中公司级培训43项，部门级培训81项。公司级培
训是指公司层面举办的培训，部门级培训是指各单位结合实际及员工成长需要组织实施的培训。
按照培训内容分为人才专项、通用能力、业务技能共3 个大类，其中人才专项6 项、通用能力10
项、业务技能108 项。人才专项类着力加强对重点人才培训，包括对“传承计划”人员、中级管
理人员、内部培训师、品评后备人才、生产系统后备骨干等组织开展培训，不断提升其能力素质
和技术技能。通用能力类围绕提升员工通用能力素质，构建可重复使用、参与群体广泛、标准化
程度较高的课程，设立公司通用类培训课程，包括综合素质、法律规章、文化教育等3 个小类通
用性培训。业务技能类着力提升员工专业能力素质， 结合岗位特质， 统筹了安全管理、 财务金融、
采购管理、供应管理、纪检监察、技术研发、品评技能、设备管理、生产工艺、质量管理、资格
取证、生态环保、人力资源、数字与信息化等19个小类的专业性培训。 
 
(四) 劳务外包情况 
√适用 □不适用  
2023年，公司劳务外包支付的报酬总额3.47亿元（含税）。 
 
十、 利润分配或资本公积金转增预案 
(一) 现金分红政策的制定、执行或调整情况 
√适用  □不适用  
公司《章程》中明确了利润分配的原则、条件、方式、周期、现金分红比例、利润分配的决
策及调整程序、机制等。 
1.根据公司2022年度股东大会审议通过的《2022年度利润分配方案》，公司以2022年年末
总股本125,619.78万股为基数，向公司全体股东每10股派发现金红利259.11元（含税）。该利
润分配方案由公司独立董事发表意见， 经公司董事会审议通过之后， 提交公司股东大会审议通过",large_context
